"长安区","石家庄市","河北省"
"桥东区","石家庄市","河北省"
"桥西区","石家庄市","河北省"
"新华区","石家庄市","河北省"
"井陉矿区","石家庄市","河北省"
"裕华区","石家庄市","河北省"
"井陉县","石家庄市","河北省"
"正定县","石家庄市","河北省"
"栾城县","石家庄市","河北省"
"行唐县","石家庄市","河北省"
"灵寿县","石家庄市","河北省"
"高邑县","石家庄市","河北省"
"深泽县","石家庄市","河北省"
"赞皇县","石家庄市","河北省"
"无极县","石家庄市","河北省"
"平山县","石家庄市","河北省"
"元氏县","石家庄市","河北省"
"赵县","石家庄市","河北省"
"辛集市","石家庄市","河北省"
"藁城市","石家庄市","河北省"
"晋州市","石家庄市","河北省"
"新乐市","石家庄市","河北省"
"鹿泉市","石家庄市","河北省"
"路南区","唐山市","河北省"
"路北区","唐山市","河北省"
"古冶区","唐山市","河北省"
"开平区","唐山市","河北省"
"丰南区","唐山市","河北省"
"丰润区","唐山市","河北省"
"滦县","唐山市","河北省"
"滦南县","唐山市","河北省"
"乐亭县","唐山市","河北省"
"迁西县","唐山市","河北省"
"玉田县","唐山市","河北省"
"唐海县","唐山市","河北省"
"遵化市","唐山市","河北省"
"迁安市","唐山市","河北省"
"海港区","秦皇岛市","河北省"
"山海关区","秦皇岛市","河北省"
"北戴河区","秦皇岛市","河北省"
"青龙满族自治县","秦皇岛市","河北省"
"昌黎县","秦皇岛市","河北省"
"抚宁县","秦皇岛市","河北省"
"卢龙县","秦皇岛市","河北省"
"邯山区","邯郸市","河北省"
"丛台区","邯郸市","河北省"
"复兴区","邯郸市","河北省"
"峰峰矿区","邯郸市","河北省"
"邯郸县","邯郸市","河北省"
"临漳县","邯郸市","河北省"
"成安县","邯郸市","河北省"
"大名县","邯郸市","河北省"
"涉县","邯郸市","河北省"
"磁县","邯郸市","河北省"
"肥乡县","邯郸市","河北省"
"永年县","邯郸市","河北省"
"邱县","邯郸市","河北省"
"鸡泽县","邯郸市","河北省"
"广平县","邯郸市","河北省"
"馆陶县","邯郸市","河北省"
"魏县","邯郸市","河北省"
"曲周县","邯郸市","河北省"
"武安市","邯郸市","河北省"
"桥东区","邢台市","河北省"
"桥西区","邢台市","河北省"
"邢台县","邢台市","河北省"
"临城县","邢台市","河北省"
"内丘县","邢台市","河北省"
"柏乡县","邢台市","河北省"
"隆尧县","邢台市","河北省"
"任县","邢台市","河北省"
"南和县","邢台市","河北省"
"宁晋县","邢台市","河北省"
"巨鹿县","邢台市","河北省"
"新河县","邢台市","河北省"
"广宗县","邢台市","河北省"
"平乡县","邢台市","河北省"
"威县","邢台市","河北省"
"清河县","邢台市","河北省"
"临西县","邢台市","河北省"
"南宫市","邢台市","河北省"
"沙河市","邢台市","河北省"
"新市区","保定市","河北省"
"北市区","保定市","河北省"
"南市区","保定市","河北省"
"满城县","保定市","河北省"
"清苑县","保定市","河北省"
"涞水县","保定市","河北省"
"阜平县","保定市","河北省"
"徐水县","保定市","河北省"
"定兴县","保定市","河北省"
"唐县","保定市","河北省"
"高阳县","保定市","河北省"
"容城县","保定市","河北省"
"涞源县","保定市","河北省"
"望都县","保定市","河北省"
"安新县","保定市","河北省"
"易县","保定市","河北省"
"曲阳县","保定市","河北省"
"蠡县","保定市","河北省"
"顺平县","保定市","河北省"
"博野县","保定市","河北省"
"雄县","保定市","河北省"
"涿州市","保定市","河北省"
"定州市","保定市","河北省"
"安国市","保定市","河北省"
"高碑店市","保定市","河北省"
"桥东区","张家口市","河北省"
"桥西区","张家口市","河北省"
"宣化区","张家口市","河北省"
"下花园区","张家口市","河北省"
"宣化县","张家口市","河北省"
"张北县","张家口市","河北省"
"康保县","张家口市","河北省"
"沽源县","张家口市","河北省"
"尚义县","张家口市","河北省"
"蔚县","张家口市","河北省"
"阳原县","张家口市","河北省"
"怀安县","张家口市","河北省"
"万全县","张家口市","河北省"
"怀来县","张家口市","河北省"
"涿鹿县","张家口市","河北省"
"赤城县","张家口市","河北省"
"崇礼县","张家口市","河北省"
"双桥区","承德市","河北省"
"双滦区","承德市","河北省"
"鹰手营子矿区","承德市","河北省"
"承德县","承德市","河北省"
"兴隆县","承德市","河北省"
"平泉县","承德市","河北省"
"滦平县","承德市","河北省"
"隆化县","承德市","河北省"
"丰宁满族自治县","承德市","河北省"
"宽城满族自治县","承德市","河北省"
"围场满族蒙古族自治县","承德市","河北省"
"新华区","沧州市","河北省"
"运河区","沧州市","河北省"
"沧县","沧州市","河北省"
"青县","沧州市","河北省"
"东光县","沧州市","河北省"
"海兴县","沧州市","河北省"
"盐山县","沧州市","河北省"
"肃宁县","沧州市","河北省"
"南皮县","沧州市","河北省"
"吴桥县","沧州市","河北省"
"献县","沧州市","河北省"
"孟村回族自治县","沧州市","河北省"
"泊头市","沧州市","河北省"
"任丘市","沧州市","河北省"
"黄骅市","沧州市","河北省"
"河间市","沧州市","河北省"
"安次区","廊坊市","河北省"
"广阳区","廊坊市","河北省"
"固安县","廊坊市","河北省"
"永清县","廊坊市","河北省"
"香河县","廊坊市","河北省"
"大城县","廊坊市","河北省"
"文安县","廊坊市","河北省"
"大厂回族自治县","廊坊市","河北省"
"霸州市","廊坊市","河北省"
"三河市","廊坊市","河北省"
"桃城区","衡水市","河北省"
"枣强县","衡水市","河北省"
"武邑县","衡水市","河北省"
"武强县","衡水市","河北省"
"饶阳县","衡水市","河北省"
"安平县","衡水市","河北省"
"故城县","衡水市","河北省"
"景县","衡水市","河北省"
"阜城县","衡水市","河北省"
"冀州市","衡水市","河北省"
"深州市","衡水市","河北省"
"小店区","太原市","山西省"
"迎泽区","太原市","山西省"
"杏花岭区","太原市","山西省"
"尖草坪区","太原市","山西省"
"万柏林区","太原市","山西省"
"晋源区","太原市","山西省"
"清徐县","太原市","山西省"
"阳曲县","太原市","山西省"
"娄烦县","太原市","山西省"
"古交市","太原市","山西省"
"城区","大同市","山西省"
"矿区","大同市","山西省"
"南郊区","大同市","山西省"
"新荣区","大同市","山西省"
"阳高县","大同市","山西省"
"天镇县","大同市","山西省"
"广灵县","大同市","山西省"
"灵丘县","大同市","山西省"
"浑源县","大同市","山西省"
"左云县","大同市","山西省"
"大同县","大同市","山西省"
"城区","阳泉市","山西省"
"矿区","阳泉市","山西省"
"郊区","阳泉市","山西省"
"平定县","阳泉市","山西省"
"盂县","阳泉市","山西省"
"城区","长治市","山西省"
"郊区","长治市","山西省"
"长治县","长治市","山西省"
"襄垣县","长治市","山西省"
"屯留县","长治市","山西省"
"平顺县","长治市","山西省"
"黎城县","长治市","山西省"
"壶关县","长治市","山西省"
"长子县","长治市","山西省"
"武乡县","长治市","山西省"
"沁县","长治市","山西省"
"沁源县","长治市","山西省"
"潞城市","长治市","山西省"
"城区","晋城市","山西省"
"沁水县","晋城市","山西省"
"阳城县","晋城市","山西省"
"陵川县","晋城市","山西省"
"泽州县","晋城市","山西省"
"高平市","晋城市","山西省"
"朔城区","朔州市","山西省"
"平鲁区","朔州市","山西省"
"山阴县","朔州市","山西省"
"应县","朔州市","山西省"
"右玉县","朔州市","山西省"
"怀仁县","朔州市","山西省"
"榆次区","晋中市","山西省"
"榆社县","晋中市","山西省"
"左权县","晋中市","山西省"
"和顺县","晋中市","山西省"
"昔阳县","晋中市","山西省"
"寿阳县","晋中市","山西省"
"太谷县","晋中市","山西省"
"祁县","晋中市","山西省"
"平遥县","晋中市","山西省"
"灵石县","晋中市","山西省"
"介休市","晋中市","山西省"
"盐湖区","运城市","山西省"
"临猗县","运城市","山西省"
"万荣县","运城市","山西省"
"闻喜县","运城市","山西省"
"稷山县","运城市","山西省"
"新绛县","运城市","山西省"
"绛县","运城市","山西省"
"垣曲县","运城市","山西省"
"夏县","运城市","山西省"
"平陆县","运城市","山西省"
"芮城县","运城市","山西省"
"永济市","运城市","山西省"
"河津市","运城市","山西省"
"忻府区","忻州市","山西省"
"定襄县","忻州市","山西省"
"五台县","忻州市","山西省"
"代县","忻州市","山西省"
"繁峙县","忻州市","山西省"
"宁武县","忻州市","山西省"
"静乐县","忻州市","山西省"
"神池县","忻州市","山西省"
"五寨县","忻州市","山西省"
"岢岚县","忻州市","山西省"
"河曲县","忻州市","山西省"
"保德县","忻州市","山西省"
"偏关县","忻州市","山西省"
"原平市","忻州市","山西省"
"尧都区","临汾市","山西省"
"曲沃县","临汾市","山西省"
"翼城县","临汾市","山西省"
"襄汾县","临汾市","山西省"
"洪洞县","临汾市","山西省"
"古县","临汾市","山西省"
"安泽县","临汾市","山西省"
"浮山县","临汾市","山西省"
"吉县","临汾市","山西省"
"乡宁县","临汾市","山西省"
"大宁县","临汾市","山西省"
"隰县","临汾市","山西省"
"永和县","临汾市","山西省"
"蒲县","临汾市","山西省"
"汾西县","临汾市","山西省"
"侯马市","临汾市","山西省"
"霍州市","临汾市","山西省"
"离石区","吕梁市","山西省"
"文水县","吕梁市","山西省"
"交城县","吕梁市","山西省"
"兴县","吕梁市","山西省"
"临县","吕梁市","山西省"
"柳林县","吕梁市","山西省"
"石楼县","吕梁市","山西省"
"岚县","吕梁市","山西省"
"方山县","吕梁市","山西省"
"中阳县","吕梁市","山西省"
"交口县","吕梁市","山西省"
"孝义市","吕梁市","山西省"
"汾阳市","吕梁市","山西省"
"新城区","呼和浩特市","内蒙古自治区"
"回民区","呼和浩特市","内蒙古自治区"
"玉泉区","呼和浩特市","内蒙古自治区"
"赛罕区","呼和浩特市","内蒙古自治区"
"土默特左旗","呼和浩特市","内蒙古自治区"
"托克托县","呼和浩特市","内蒙古自治区"
"和林格尔县","呼和浩特市","内蒙古自治区"
"清水河县","呼和浩特市","内蒙古自治区"
"武川县","呼和浩特市","内蒙古自治区"
"东河区","包头市","内蒙古自治区"
"昆都仑区","包头市","内蒙古自治区"
"青山区","包头市","内蒙古自治区"
"石拐区","包头市","内蒙古自治区"
"白云矿区","包头市","内蒙古自治区"
"九原区","包头市","内蒙古自治区"
"土默特右旗","包头市","内蒙古自治区"
"固阳县","包头市","内蒙古自治区"
"达尔罕茂明安联合旗","包头市","内蒙古自治区"
"海勃湾区","乌海市","内蒙古自治区"
"海南区","乌海市","内蒙古自治区"
"乌达区","乌海市","内蒙古自治区"
"红山区","赤峰市","内蒙古自治区"
"元宝山区","赤峰市","内蒙古自治区"
"松山区","赤峰市","内蒙古自治区"
"阿鲁科尔沁旗","赤峰市","内蒙古自治区"
"巴林左旗","赤峰市","内蒙古自治区"
"巴林右旗","赤峰市","内蒙古自治区"
"林西县","赤峰市","内蒙古自治区"
"克什克腾旗","赤峰市","内蒙古自治区"
"翁牛特旗","赤峰市","内蒙古自治区"
"喀喇沁旗","赤峰市","内蒙古自治区"
"宁城县","赤峰市","内蒙古自治区"
"敖汉旗","赤峰市","内蒙古自治区"
"科尔沁区","通辽市","内蒙古自治区"
"科尔沁左翼中旗","通辽市","内蒙古自治区"
"科尔沁左翼后旗","通辽市","内蒙古自治区"
"开鲁县","通辽市","内蒙古自治区"
"库伦旗","通辽市","内蒙古自治区"
"奈曼旗","通辽市","内蒙古自治区"
"扎鲁特旗","通辽市","内蒙古自治区"
"霍林郭勒市","通辽市","内蒙古自治区"
"东胜区","鄂尔多斯市","内蒙古自治区"
"达拉特旗","鄂尔多斯市","内蒙古自治区"
"准格尔旗","鄂尔多斯市","内蒙古自治区"
"鄂托克前旗","鄂尔多斯市","内蒙古自治区"
"鄂托克旗","鄂尔多斯市","内蒙古自治区"
"杭锦旗","鄂尔多斯市","内蒙古自治区"
"乌审旗","鄂尔多斯市","内蒙古自治区"
"伊金霍洛旗","鄂尔多斯市","内蒙古自治区"
"海拉尔区","呼伦贝尔市","内蒙古自治区"
"阿荣旗","呼伦贝尔市","内蒙古自治区"
"莫力达瓦达斡尔族自治旗","呼伦贝尔市","内蒙古自治区"
"鄂伦春自治旗","呼伦贝尔市","内蒙古自治区"
"鄂温克族自治旗","呼伦贝尔市","内蒙古自治区"
"陈巴尔虎旗","呼伦贝尔市","内蒙古自治区"
"新巴尔虎左旗","呼伦贝尔市","内蒙古自治区"
"新巴尔虎右旗","呼伦贝尔市","内蒙古自治区"
"满洲里市","呼伦贝尔市","内蒙古自治区"
"牙克石市","呼伦贝尔市","内蒙古自治区"
"扎兰屯市","呼伦贝尔市","内蒙古自治区"
"额尔古纳市","呼伦贝尔市","内蒙古自治区"
"根河市","呼伦贝尔市","内蒙古自治区"
"临河区","巴彦淖尔市","内蒙古自治区"
"五原县","巴彦淖尔市","内蒙古自治区"
"磴口县","巴彦淖尔市","内蒙古自治区"
"乌拉特前旗","巴彦淖尔市","内蒙古自治区"
"乌拉特中旗","巴彦淖尔市","内蒙古自治区"
"乌拉特后旗","巴彦淖尔市","内蒙古自治区"
"杭锦后旗","巴彦淖尔市","内蒙古自治区"
"集宁区","乌兰察布市","内蒙古自治区"
"卓资县","乌兰察布市","内蒙古自治区"
"化德县","乌兰察布市","内蒙古自治区"
"商都县","乌兰察布市","内蒙古自治区"
"兴和县","乌兰察布市","内蒙古自治区"
"凉城县","乌兰察布市","内蒙古自治区"
"察哈尔右翼前旗","乌兰察布市","内蒙古自治区"
"察哈尔右翼中旗","乌兰察布市","内蒙古自治区"
"察哈尔右翼后旗","乌兰察布市","内蒙古自治区"
"四子王旗","乌兰察布市","内蒙古自治区"
"丰镇市","乌兰察布市","内蒙古自治区"
"乌兰浩特市","兴安盟","内蒙古自治区"
"阿尔山市","兴安盟","内蒙古自治区"
"科尔沁右翼前旗","兴安盟","内蒙古自治区"
"科尔沁右翼中旗","兴安盟","内蒙古自治区"
"扎赉特旗","兴安盟","内蒙古自治区"
"突泉县","兴安盟","内蒙古自治区"
"二连浩特市","锡林郭勒盟","内蒙古自治区"
"锡林浩特市","锡林郭勒盟","内蒙古自治区"
"阿巴嘎旗","锡林郭勒盟","内蒙古自治区"
"苏尼特左旗","锡林郭勒盟","内蒙古自治区"
"苏尼特右旗","锡林郭勒盟","内蒙古自治区"
"东乌珠穆沁旗","锡林郭勒盟","内蒙古自治区"
"西乌珠穆沁旗","锡林郭勒盟","内蒙古自治区"
"太仆寺旗","锡林郭勒盟","内蒙古自治区"
"镶黄旗","锡林郭勒盟","内蒙古自治区"
"正镶白旗","锡林郭勒盟","内蒙古自治区"
"正蓝旗","锡林郭勒盟","内蒙古自治区"
"多伦县","锡林郭勒盟","内蒙古自治区"
"阿拉善左旗","阿拉善盟","内蒙古自治区"
"阿拉善右旗","阿拉善盟","内蒙古自治区"
"额济纳旗","阿拉善盟","内蒙古自治区"
"和平区","沈阳市","辽宁省"
"沈河区","沈阳市","辽宁省"
"大东区","沈阳市","辽宁省"
"皇姑区","沈阳市","辽宁省"
"铁西区","沈阳市","辽宁省"
"苏家屯区","沈阳市","辽宁省"
"东陵区","沈阳市","辽宁省"
"新城子区","沈阳市","辽宁省"
"于洪区","沈阳市","辽宁省"
"辽中县","沈阳市","辽宁省"
"康平县","沈阳市","辽宁省"
"法库县","沈阳市","辽宁省"
"新民市","沈阳市","辽宁省"
"中山区","大连市","辽宁省"
"西岗区","大连市","辽宁省"
"沙河口区","大连市","辽宁省"
"甘井子区","大连市","辽宁省"
"旅顺口区","大连市","辽宁省"
"金州区","大连市","辽宁省"
"长海县","大连市","辽宁省"
"瓦房店市","大连市","辽宁省"
"普兰店市","大连市","辽宁省"
"庄河市","大连市","辽宁省"
"铁东区","鞍山市","辽宁省"
"铁西区","鞍山市","辽宁省"
"立山区","鞍山市","辽宁省"
"千山区","鞍山市","辽宁省"
"台安县","鞍山市","辽宁省"
"岫岩满族自治县","鞍山市","辽宁省"
"海城市","鞍山市","辽宁省"
"新抚区","抚顺市","辽宁省"
"东洲区","抚顺市","辽宁省"
"望花区","抚顺市","辽宁省"
"顺城区","抚顺市","辽宁省"
"抚顺县","抚顺市","辽宁省"
"新宾满族自治县","抚顺市","辽宁省"
"清原满族自治县","抚顺市","辽宁省"
"平山区","本溪市","辽宁省"
"溪湖区","本溪市","辽宁省"
"明山区","本溪市","辽宁省"
"南芬区","本溪市","辽宁省"
"本溪满族自治县","本溪市","辽宁省"
"桓仁满族自治县","本溪市","辽宁省"
"元宝区","丹东市","辽宁省"
"振兴区","丹东市","辽宁省"
"振安区","丹东市","辽宁省"
"宽甸满族自治县","丹东市","辽宁省"
"东港市","丹东市","辽宁省"
"凤城市","丹东市","辽宁省"
"古塔区","锦州市","辽宁省"
"凌河区","锦州市","辽宁省"
"太和区","锦州市","辽宁省"
"黑山县","锦州市","辽宁省"
"义县","锦州市","辽宁省"
"凌海市","锦州市","辽宁省"
"北宁市","锦州市","辽宁省"
"站前区","营口市","辽宁省"
"西市区","营口市","辽宁省"
"鲅鱼圈区","营口市","辽宁省"
"老边区","营口市","辽宁省"
"盖州市","营口市","辽宁省"
"大石桥市","营口市","辽宁省"
"海州区","阜新市","辽宁省"
"新邱区","阜新市","辽宁省"
"太平区","阜新市","辽宁省"
"清河门区","阜新市","辽宁省"
"细河区","阜新市","辽宁省"
"阜新蒙古族自治县","阜新市","辽宁省"
"彰武县","阜新市","辽宁省"
"白塔区","辽阳市","辽宁省"
"文圣区","辽阳市","辽宁省"
"宏伟区","辽阳市","辽宁省"
"弓长岭区","辽阳市","辽宁省"
"太子河区","辽阳市","辽宁省"
"辽阳县","辽阳市","辽宁省"
"灯塔市","辽阳市","辽宁省"
"双台子区","盘锦市","辽宁省"
"兴隆台区","盘锦市","辽宁省"
"大洼县","盘锦市","辽宁省"
"盘山县","盘锦市","辽宁省"
"银州区","铁岭市","辽宁省"
"清河区","铁岭市","辽宁省"
"铁岭县","铁岭市","辽宁省"
"西丰县","铁岭市","辽宁省"
"昌图县","铁岭市","辽宁省"
"调兵山市","铁岭市","辽宁省"
"开原市","铁岭市","辽宁省"
"双塔区","朝阳市","辽宁省"
"龙城区","朝阳市","辽宁省"
"朝阳县","朝阳市","辽宁省"
"建平县","朝阳市","辽宁省"
"喀喇沁左翼蒙古族自治县","朝阳市","辽宁省"
"北票市","朝阳市","辽宁省"
"凌源市","朝阳市","辽宁省"
"连山区","葫芦岛市","辽宁省"
"龙港区","葫芦岛市","辽宁省"
"南票区","葫芦岛市","辽宁省"
"绥中县","葫芦岛市","辽宁省"
"建昌县","葫芦岛市","辽宁省"
"兴城市","葫芦岛市","辽宁省"
"南关区","长春市","吉林省"
"宽城区","长春市","吉林省"
"朝阳区","长春市","吉林省"
"二道区","长春市","吉林省"
"绿园区","长春市","吉林省"
"双阳区","长春市","吉林省"
"农安县","长春市","吉林省"
"九台市","长春市","吉林省"
"榆树市","长春市","吉林省"
"德惠市","长春市","吉林省"
"昌邑区","吉林市","吉林省"
"龙潭区","吉林市","吉林省"
"船营区","吉林市","吉林省"
"丰满区","吉林市","吉林省"
"永吉县","吉林市","吉林省"
"蛟河市","吉林市","吉林省"
"桦甸市","吉林市","吉林省"
"舒兰市","吉林市","吉林省"
"磐石市","吉林市","吉林省"
"铁西区","四平市","吉林省"
"铁东区","四平市","吉林省"
"梨树县","四平市","吉林省"
"伊通满族自治县","四平市","吉林省"
"公主岭市","四平市","吉林省"
"双辽市","四平市","吉林省"
"龙山区","辽源市","吉林省"
"西安区","辽源市","吉林省"
"东丰县","辽源市","吉林省"
"东辽县","辽源市","吉林省"
"东昌区","通化市","吉林省"
"二道江区","通化市","吉林省"
"通化县","通化市","吉林省"
"辉南县","通化市","吉林省"
"柳河县","通化市","吉林省"
"梅河口市","通化市","吉林省"
"集安市","通化市","吉林省"
"八道江区","白山市","吉林省"
"抚松县","白山市","吉林省"
"靖宇县","白山市","吉林省"
"长白朝鲜族自治县","白山市","吉林省"
"江源县","白山市","吉林省"
"临江市","白山市","吉林省"
"宁江区","松原市","吉林省"
"前郭尔罗斯蒙古族自治县","松原市","吉林省"
"长岭县","松原市","吉林省"
"乾安县","松原市","吉林省"
"扶余县","松原市","吉林省"
"洮北区","白城市","吉林省"
"镇赉县","白城市","吉林省"
"通榆县","白城市","吉林省"
"洮南市","白城市","吉林省"
"大安市","白城市","吉林省"
"延吉市","延边朝鲜族自治州","吉林省"
"图们市","延边朝鲜族自治州","吉林省"
"敦化市","延边朝鲜族自治州","吉林省"
"珲春市","延边朝鲜族自治州","吉林省"
"龙井市","延边朝鲜族自治州","吉林省"
"和龙市","延边朝鲜族自治州","吉林省"
"汪清县","延边朝鲜族自治州","吉林省"
"安图县","延边朝鲜族自治州","吉林省"
"道里区","哈尔滨市","黑龙江省"
"南岗区","哈尔滨市","黑龙江省"
"道外区","哈尔滨市","黑龙江省"
"香坊区","哈尔滨市","黑龙江省"
"动力区","哈尔滨市","黑龙江省"
"平房区","哈尔滨市","黑龙江省"
"松北区","哈尔滨市","黑龙江省"
"呼兰区","哈尔滨市","黑龙江省"
"依兰县","哈尔滨市","黑龙江省"
"方正县","哈尔滨市","黑龙江省"
"宾县","哈尔滨市","黑龙江省"
"巴彦县","哈尔滨市","黑龙江省"
"木兰县","哈尔滨市","黑龙江省"
"通河县","哈尔滨市","黑龙江省"
"延寿县","哈尔滨市","黑龙江省"
"阿城市","哈尔滨市","黑龙江省"
"双城市","哈尔滨市","黑龙江省"
"尚志市","哈尔滨市","黑龙江省"
"五常市","哈尔滨市","黑龙江省"
"龙沙区","齐齐哈尔市","黑龙江省"
"建华区","齐齐哈尔市","黑龙江省"
"铁锋区","齐齐哈尔市","黑龙江省"
"昂昂溪区","齐齐哈尔市","黑龙江省"
"富拉尔基区","齐齐哈尔市","黑龙江省"
"碾子山区","齐齐哈尔市","黑龙江省"
"梅里斯达斡尔族区","齐齐哈尔市","黑龙江省"
"龙江县","齐齐哈尔市","黑龙江省"
"依安县","齐齐哈尔市","黑龙江省"
"泰来县","齐齐哈尔市","黑龙江省"
"甘南县","齐齐哈尔市","黑龙江省"
"富裕县","齐齐哈尔市","黑龙江省"
"克山县","齐齐哈尔市","黑龙江省"
"克东县","齐齐哈尔市","黑龙江省"
"拜泉县","齐齐哈尔市","黑龙江省"
"讷河市","齐齐哈尔市","黑龙江省"
"鸡冠区","鸡西市","黑龙江省"
"恒山区","鸡西市","黑龙江省"
"滴道区","鸡西市","黑龙江省"
"梨树区","鸡西市","黑龙江省"
"城子河区","鸡西市","黑龙江省"
"麻山区","鸡西市","黑龙江省"
"鸡东县","鸡西市","黑龙江省"
"虎林市","鸡西市","黑龙江省"
"密山市","鸡西市","黑龙江省"
"向阳区","鹤岗市","黑龙江省"
"工农区","鹤岗市","黑龙江省"
"南山区","鹤岗市","黑龙江省"
"兴安区","鹤岗市","黑龙江省"
"东山区","鹤岗市","黑龙江省"
"兴山区","鹤岗市","黑龙江省"
"萝北县","鹤岗市","黑龙江省"
"绥滨县","鹤岗市","黑龙江省"
"尖山区","双鸭山市","黑龙江省"
"岭东区","双鸭山市","黑龙江省"
"四方台区","双鸭山市","黑龙江省"
"宝山区","双鸭山市","黑龙江省"
"集贤县","双鸭山市","黑龙江省"
"友谊县","双鸭山市","黑龙江省"
"宝清县","双鸭山市","黑龙江省"
"饶河县","双鸭山市","黑龙江省"
"萨尔图区","大庆市","黑龙江省"
"龙凤区","大庆市","黑龙江省"
"让胡路区","大庆市","黑龙江省"
"红岗区","大庆市","黑龙江省"
"大同区","大庆市","黑龙江省"
"肇州县","大庆市","黑龙江省"
"肇源县","大庆市","黑龙江省"
"林甸县","大庆市","黑龙江省"
"杜尔伯特蒙古族自治县","大庆市","黑龙江省"
"伊春区","伊春市","黑龙江省"
"南岔区","伊春市","黑龙江省"
"友好区","伊春市","黑龙江省"
"西林区","伊春市","黑龙江省"
"翠峦区","伊春市","黑龙江省"
"新青区","伊春市","黑龙江省"
"美溪区","伊春市","黑龙江省"
"金山屯区","伊春市","黑龙江省"
"五营区","伊春市","黑龙江省"
"乌马河区","伊春市","黑龙江省"
"汤旺河区","伊春市","黑龙江省"
"带岭区","伊春市","黑龙江省"
"乌伊岭区","伊春市","黑龙江省"
"红星区","伊春市","黑龙江省"
"上甘岭区","伊春市","黑龙江省"
"嘉荫县","伊春市","黑龙江省"
"铁力市","伊春市","黑龙江省"
"永红区","佳木斯市","黑龙江省"
"向阳区","佳木斯市","黑龙江省"
"前进区","佳木斯市","黑龙江省"
"东风区","佳木斯市","黑龙江省"
"郊区","佳木斯市","黑龙江省"
"桦南县","佳木斯市","黑龙江省"
"桦川县","佳木斯市","黑龙江省"
"汤原县","佳木斯市","黑龙江省"
"抚远县","佳木斯市","黑龙江省"
"同江市","佳木斯市","黑龙江省"
"富锦市","佳木斯市","黑龙江省"
"新兴区","七台河市","黑龙江省"
"桃山区","七台河市","黑龙江省"
"茄子河区","七台河市","黑龙江省"
"勃利县","七台河市","黑龙江省"
"东安区","牡丹江市","黑龙江省"
"阳明区","牡丹江市","黑龙江省"
"爱民区","牡丹江市","黑龙江省"
"西安区","牡丹江市","黑龙江省"
"东宁县","牡丹江市","黑龙江省"
"林口县","牡丹江市","黑龙江省"
"绥芬河市","牡丹江市","黑龙江省"
"海林市","牡丹江市","黑龙江省"
"宁安市","牡丹江市","黑龙江省"
"穆棱市","牡丹江市","黑龙江省"
"爱辉区","黑河市","黑龙江省"
"嫩江县","黑河市","黑龙江省"
"逊克县","黑河市","黑龙江省"
"孙吴县","黑河市","黑龙江省"
"北安市","黑河市","黑龙江省"
"五大连池市","黑河市","黑龙江省"
"北林区","绥化市","黑龙江省"
"望奎县","绥化市","黑龙江省"
"兰西县","绥化市","黑龙江省"
"青冈县","绥化市","黑龙江省"
"庆安县","绥化市","黑龙江省"
"明水县","绥化市","黑龙江省"
"绥棱县","绥化市","黑龙江省"
"安达市","绥化市","黑龙江省"
"肇东市","绥化市","黑龙江省"
"海伦市","绥化市","黑龙江省"
"呼玛县","大兴安岭地区","黑龙江省"
"塔河县","大兴安岭地区","黑龙江省"
"漠河县","大兴安岭地区","黑龙江省"
"黄浦区","上海市","上海市"
"卢湾区","上海市","上海市"
"徐汇区","上海市","上海市"
"长宁区","上海市","上海市"
"静安区","上海市","上海市"
"普陀区","上海市","上海市"
"闸北区","上海市","上海市"
"虹口区","上海市","上海市"
"杨浦区","上海市","上海市"
"闵行区","上海市","上海市"
"宝山区","上海市","上海市"
"嘉定区","上海市","上海市"
"浦东新区","上海市","上海市"
"金山区","上海市","上海市"
"松江区","上海市","上海市"
"青浦区","上海市","上海市"
"南汇区","上海市","上海市"
"奉贤区","上海市","上海市"
"崇明县","上海市","上海市"
"玄武区","南京市","江苏省"
"白下区","南京市","江苏省"
"秦淮区","南京市","江苏省"
"建邺区","南京市","江苏省"
"鼓楼区","南京市","江苏省"
"下关区","南京市","江苏省"
"浦口区","南京市","江苏省"
"栖霞区","南京市","江苏省"
"雨花台区","南京市","江苏省"
"江宁区","南京市","江苏省"
"六合区","南京市","江苏省"
"溧水县","南京市","江苏省"
"高淳县","南京市","江苏省"
"崇安区","无锡市","江苏省"
"南长区","无锡市","江苏省"
"北塘区","无锡市","江苏省"
"锡山区","无锡市","江苏省"
"惠山区","无锡市","江苏省"
"滨湖区","无锡市","江苏省"
"江阴市","无锡市","江苏省"
"宜兴市","无锡市","江苏省"
"鼓楼区","徐州市","江苏省"
"云龙区","徐州市","江苏省"
"九里区","徐州市","江苏省"
"贾汪区","徐州市","江苏省"
"泉山区","徐州市","江苏省"
"丰县","徐州市","江苏省"
"沛县","徐州市","江苏省"
"铜山县","徐州市","江苏省"
"睢宁县","徐州市","江苏省"
"新沂市","徐州市","江苏省"
"邳州市","徐州市","江苏省"
"天宁区","常州市","江苏省"
"钟楼区","常州市","江苏省"
"戚墅堰区","常州市","江苏省"
"新北区","常州市","江苏省"
"武进区","常州市","江苏省"
"溧阳市","常州市","江苏省"
"金坛市","常州市","江苏省"
"沧浪区","苏州市","江苏省"
"平江区","苏州市","江苏省"
"金阊区","苏州市","江苏省"
"虎丘区","苏州市","江苏省"
"吴中区","苏州市","江苏省"
"相城区","苏州市","江苏省"
"常熟市","苏州市","江苏省"
"张家港市","苏州市","江苏省"
"昆山市","苏州市","江苏省"
"吴江市","苏州市","江苏省"
"太仓市","苏州市","江苏省"
"崇川区","南通市","江苏省"
"港闸区","南通市","江苏省"
"海安县","南通市","江苏省"
"如东县","南通市","江苏省"
"启东市","南通市","江苏省"
"如皋市","南通市","江苏省"
"通州市","南通市","江苏省"
"海门市","南通市","江苏省"
"连云区","连云港市","江苏省"
"新浦区","连云港市","江苏省"
"海州区","连云港市","江苏省"
"赣榆县","连云港市","江苏省"
"东海县","连云港市","江苏省"
"灌云县","连云港市","江苏省"
"灌南县","连云港市","江苏省"
"清河区","淮安市","江苏省"
"楚州区","淮安市","江苏省"
"淮阴区","淮安市","江苏省"
"清浦区","淮安市","江苏省"
"涟水县","淮安市","江苏省"
"洪泽县","淮安市","江苏省"
"盱眙县","淮安市","江苏省"
"金湖县","淮安市","江苏省"
"亭湖区","盐城市","江苏省"
"盐都区","盐城市","江苏省"
"响水县","盐城市","江苏省"
"滨海县","盐城市","江苏省"
"阜宁县","盐城市","江苏省"
"射阳县","盐城市","江苏省"
"建湖县","盐城市","江苏省"
"东台市","盐城市","江苏省"
"大丰市","盐城市","江苏省"
"广陵区","扬州市","江苏省"
"邗江区","扬州市","江苏省"
"郊区","扬州市","江苏省"
"宝应县","扬州市","江苏省"
"仪征市","扬州市","江苏省"
"高邮市","扬州市","江苏省"
"江都市","扬州市","江苏省"
"京口区","镇江市","江苏省"
"润州区","镇江市","江苏省"
"丹徒区","镇江市","江苏省"
"丹阳市","镇江市","江苏省"
"扬中市","镇江市","江苏省"
"句容市","镇江市","江苏省"
"海陵区","泰州市","江苏省"
"高港区","泰州市","江苏省"
"兴化市","泰州市","江苏省"
"靖江市","泰州市","江苏省"
"泰兴市","泰州市","江苏省"
"姜堰市","泰州市","江苏省"
"宿城区","宿迁市","江苏省"
"宿豫区","宿迁市","江苏省"
"沭阳县","宿迁市","江苏省"
"泗阳县","宿迁市","江苏省"
"泗洪县","宿迁市","江苏省"
"上城区","杭州市","浙江省"
"下城区","杭州市","浙江省"
"江干区","杭州市","浙江省"
"拱墅区","杭州市","浙江省"
"西湖区","杭州市","浙江省"
"滨江区","杭州市","浙江省"
"萧山区","杭州市","浙江省"
"余杭区","杭州市","浙江省"
"桐庐县","杭州市","浙江省"
"淳安县","杭州市","浙江省"
"建德市","杭州市","浙江省"
"富阳市","杭州市","浙江省"
"临安市","杭州市","浙江省"
"海曙区","宁波市","浙江省"
"江东区","宁波市","浙江省"
"江北区","宁波市","浙江省"
"北仑区","宁波市","浙江省"
"镇海区","宁波市","浙江省"
"鄞州区","宁波市","浙江省"
"象山县","宁波市","浙江省"
"宁海县","宁波市","浙江省"
"余姚市","宁波市","浙江省"
"慈溪市","宁波市","浙江省"
"奉化市","宁波市","浙江省"
"鹿城区","温州市","浙江省"
"龙湾区","温州市","浙江省"
"瓯海区","温州市","浙江省"
"洞头县","温州市","浙江省"
"永嘉县","温州市","浙江省"
"平阳县","温州市","浙江省"
"苍南县","温州市","浙江省"
"文成县","温州市","浙江省"
"泰顺县","温州市","浙江省"
"瑞安市","温州市","浙江省"
"乐清市","温州市","浙江省"
"秀城区","嘉兴市","浙江省"
"秀洲区","嘉兴市","浙江省"
"嘉善县","嘉兴市","浙江省"
"海盐县","嘉兴市","浙江省"
"海宁市","嘉兴市","浙江省"
"平湖市","嘉兴市","浙江省"
"桐乡市","嘉兴市","浙江省"
"吴兴区","湖州市","浙江省"
"南浔区","湖州市","浙江省"
"德清县","湖州市","浙江省"
"长兴县","湖州市","浙江省"
"安吉县","湖州市","浙江省"
"越城区","绍兴市","浙江省"
"绍兴县","绍兴市","浙江省"
"新昌县","绍兴市","浙江省"
"诸暨市","绍兴市","浙江省"
"上虞市","绍兴市","浙江省"
"嵊州市","绍兴市","浙江省"
"婺城区","金华市","浙江省"
"金东区","金华市","浙江省"
"武义县","金华市","浙江省"
"浦江县","金华市","浙江省"
"磐安县","金华市","浙江省"
"兰溪市","金华市","浙江省"
"义乌市","金华市","浙江省"
"东阳市","金华市","浙江省"
"永康市","金华市","浙江省"
"柯城区","衢州市","浙江省"
"衢江区","衢州市","浙江省"
"常山县","衢州市","浙江省"
"开化县","衢州市","浙江省"
"龙游县","衢州市","浙江省"
"江山市","衢州市","浙江省"
"定海区","舟山市","浙江省"
"普陀区","舟山市","浙江省"
"岱山县","舟山市","浙江省"
"嵊泗县","舟山市","浙江省"
"椒江区","台州市","浙江省"
"黄岩区","台州市","浙江省"
"路桥区","台州市","浙江省"
"玉环县","台州市","浙江省"
"三门县","台州市","浙江省"
"天台县","台州市","浙江省"
"仙居县","台州市","浙江省"
"温岭市","台州市","浙江省"
"临海市","台州市","浙江省"
"莲都区","丽水市","浙江省"
"青田县","丽水市","浙江省"
"缙云县","丽水市","浙江省"
"遂昌县","丽水市","浙江省"
"松阳县","丽水市","浙江省"
"云和县","丽水市","浙江省"
"庆元县","丽水市","浙江省"
"景宁畲族自治县","丽水市","浙江省"
"龙泉市","丽水市","浙江省"
"瑶海区","合肥市","安徽省"
"庐阳区","合肥市","安徽省"
"蜀山区","合肥市","安徽省"
"包河区","合肥市","安徽省"
"长丰县","合肥市","安徽省"
"肥东县","合肥市","安徽省"
"肥西县","合肥市","安徽省"
"镜湖区","芜湖市","安徽省"
"马塘区","芜湖市","安徽省"
"新芜区","芜湖市","安徽省"
"鸠江区","芜湖市","安徽省"
"芜湖县","芜湖市","安徽省"
"繁昌县","芜湖市","安徽省"
"南陵县","芜湖市","安徽省"
"龙子湖区","蚌埠市","安徽省"
"蚌山区","蚌埠市","安徽省"
"禹会区","蚌埠市","安徽省"
"淮上区","蚌埠市","安徽省"
"怀远县","蚌埠市","安徽省"
"五河县","蚌埠市","安徽省"
"固镇县","蚌埠市","安徽省"
"大通区","淮南市","安徽省"
"田家庵区","淮南市","安徽省"
"谢家集区","淮南市","安徽省"
"八公山区","淮南市","安徽省"
"潘集区","淮南市","安徽省"
"凤台县","淮南市","安徽省"
"金家庄区","马鞍山市","安徽省"
"花山区","马鞍山市","安徽省"
"雨山区","马鞍山市","安徽省"
"当涂县","马鞍山市","安徽省"
"杜集区","淮北市","安徽省"
"相山区","淮北市","安徽省"
"烈山区","淮北市","安徽省"
"濉溪县","淮北市","安徽省"
"铜官山区","铜陵市","安徽省"
"狮子山区","铜陵市","安徽省"
"郊区","铜陵市","安徽省"
"铜陵县","铜陵市","安徽省"
"迎江区","安庆市","安徽省"
"大观区","安庆市","安徽省"
"郊区","安庆市","安徽省"
"怀宁县","安庆市","安徽省"
"枞阳县","安庆市","安徽省"
"潜山县","安庆市","安徽省"
"太湖县","安庆市","安徽省"
"宿松县","安庆市","安徽省"
"望江县","安庆市","安徽省"
"岳西县","安庆市","安徽省"
"桐城市","安庆市","安徽省"
"屯溪区","黄山市","安徽省"
"黄山区","黄山市","安徽省"
"徽州区","黄山市","安徽省"
"歙县","黄山市","安徽省"
"休宁县","黄山市","安徽省"
"黟县","黄山市","安徽省"
"祁门县","黄山市","安徽省"
"琅琊区","滁州市","安徽省"
"南谯区","滁州市","安徽省"
"来安县","滁州市","安徽省"
"全椒县","滁州市","安徽省"
"定远县","滁州市","安徽省"
"凤阳县","滁州市","安徽省"
"天长市","滁州市","安徽省"
"明光市","滁州市","安徽省"
"颍州区","阜阳市","安徽省"
"颍东区","阜阳市","安徽省"
"颍泉区","阜阳市","安徽省"
"临泉县","阜阳市","安徽省"
"太和县","阜阳市","安徽省"
"阜南县","阜阳市","安徽省"
"颍上县","阜阳市","安徽省"
"界首市","阜阳市","安徽省"
"墉桥区","宿州市","安徽省"
"砀山县","宿州市","安徽省"
"萧县","宿州市","安徽省"
"灵璧县","宿州市","安徽省"
"泗县","宿州市","安徽省"
"居巢区","巢湖市","安徽省"
"庐江县","巢湖市","安徽省"
"无为县","巢湖市","安徽省"
"含山县","巢湖市","安徽省"
"和县","巢湖市","安徽省"
"金安区","六安市","安徽省"
"裕安区","六安市","安徽省"
"寿县","六安市","安徽省"
"霍邱县","六安市","安徽省"
"舒城县","六安市","安徽省"
"金寨县","六安市","安徽省"
"霍山县","六安市","安徽省"
"谯城区","亳州市","安徽省"
"涡阳县","亳州市","安徽省"
"蒙城县","亳州市","安徽省"
"利辛县","亳州市","安徽省"
"贵池区","池州市","安徽省"
"东至县","池州市","安徽省"
"石台县","池州市","安徽省"
"青阳县","池州市","安徽省"
"宣州区","宣城市","安徽省"
"郎溪县","宣城市","安徽省"
"广德县","宣城市","安徽省"
"泾县","宣城市","安徽省"
"绩溪县","宣城市","安徽省"
"旌德县","宣城市","安徽省"
"宁国市","宣城市","安徽省"
"鼓楼区","福州市","福建省"
"台江区","福州市","福建省"
"仓山区","福州市","福建省"
"马尾区","福州市","福建省"
"晋安区","福州市","福建省"
"闽侯县","福州市","福建省"
"连江县","福州市","福建省"
"罗源县","福州市","福建省"
"闽清县","福州市","福建省"
"永泰县","福州市","福建省"
"平潭县","福州市","福建省"
"福清市","福州市","福建省"
"长乐市","福州市","福建省"
"思明区","厦门市","福建省"
"海沧区","厦门市","福建省"
"湖里区","厦门市","福建省"
"集美区","厦门市","福建省"
"同安区","厦门市","福建省"
"翔安区","厦门市","福建省"
"城厢区","莆田市","福建省"
"涵江区","莆田市","福建省"
"荔城区","莆田市","福建省"
"秀屿区","莆田市","福建省"
"仙游县","莆田市","福建省"
"梅列区","三明市","福建省"
"三元区","三明市","福建省"
"明溪县","三明市","福建省"
"清流县","三明市","福建省"
"宁化县","三明市","福建省"
"大田县","三明市","福建省"
"尤溪县","三明市","福建省"
"沙县","三明市","福建省"
"将乐县","三明市","福建省"
"泰宁县","三明市","福建省"
"建宁县","三明市","福建省"
"永安市","三明市","福建省"
"鲤城区","泉州市","福建省"
"丰泽区","泉州市","福建省"
"洛江区","泉州市","福建省"
"泉港区","泉州市","福建省"
"惠安县","泉州市","福建省"
"安溪县","泉州市","福建省"
"永春县","泉州市","福建省"
"德化县","泉州市","福建省"
"金门县","泉州市","福建省"
"石狮市","泉州市","福建省"
"晋江市","泉州市","福建省"
"南安市","泉州市","福建省"
"芗城区","漳州市","福建省"
"龙文区","漳州市","福建省"
"云霄县","漳州市","福建省"
"漳浦县","漳州市","福建省"
"诏安县","漳州市","福建省"
"长泰县","漳州市","福建省"
"东山县","漳州市","福建省"
"南靖县","漳州市","福建省"
"平和县","漳州市","福建省"
"华安县","漳州市","福建省"
"龙海市","漳州市","福建省"
"延平区","南平市","福建省"
"顺昌县","南平市","福建省"
"浦城县","南平市","福建省"
"光泽县","南平市","福建省"
"松溪县","南平市","福建省"
"政和县","南平市","福建省"
"邵武市","南平市","福建省"
"武夷山市","南平市","福建省"
"建瓯市","南平市","福建省"
"建阳市","南平市","福建省"
"新罗区","龙岩市","福建省"
"长汀县","龙岩市","福建省"
"永定县","龙岩市","福建省"
"上杭县","龙岩市","福建省"
"武平县","龙岩市","福建省"
"连城县","龙岩市","福建省"
"漳平市","龙岩市","福建省"
"蕉城区","宁德市","福建省"
"霞浦县","宁德市","福建省"
"古田县","宁德市","福建省"
"屏南县","宁德市","福建省"
"寿宁县","宁德市","福建省"
"周宁县","宁德市","福建省"
"柘荣县","宁德市","福建省"
"福安市","宁德市","福建省"
"福鼎市","宁德市","福建省"
"东湖区","南昌市","江西省"
"西湖区","南昌市","江西省"
"青云谱区","南昌市","江西省"
"湾里区","南昌市","江西省"
"青山湖区","南昌市","江西省"
"南昌县","南昌市","江西省"
"新建县","南昌市","江西省"
"安义县","南昌市","江西省"
"进贤县","南昌市","江西省"
"昌江区","景德镇市","江西省"
"珠山区","景德镇市","江西省"
"浮梁县","景德镇市","江西省"
"乐平市","景德镇市","江西省"
"安源区","萍乡市","江西省"
"湘东区","萍乡市","江西省"
"莲花县","萍乡市","江西省"
"上栗县","萍乡市","江西省"
"芦溪县","萍乡市","江西省"
"庐山区","九江市","江西省"
"浔阳区","九江市","江西省"
"九江县","九江市","江西省"
"武宁县","九江市","江西省"
"修水县","九江市","江西省"
"永修县","九江市","江西省"
"德安县","九江市","江西省"
"星子县","九江市","江西省"
"都昌县","九江市","江西省"
"湖口县","九江市","江西省"
"彭泽县","九江市","江西省"
"瑞昌市","九江市","江西省"
"渝水区","新余市","江西省"
"分宜县","新余市","江西省"
"月湖区","鹰潭市","江西省"
"余江县","鹰潭市","江西省"
"贵溪市","鹰潭市","江西省"
"章贡区","赣州市","江西省"
"赣县","赣州市","江西省"
"信丰县","赣州市","江西省"
"大余县","赣州市","江西省"
"上犹县","赣州市","江西省"
"崇义县","赣州市","江西省"
"安远县","赣州市","江西省"
"龙南县","赣州市","江西省"
"定南县","赣州市","江西省"
"全南县","赣州市","江西省"
"宁都县","赣州市","江西省"
"于都县","赣州市","江西省"
"兴国县","赣州市","江西省"
"会昌县","赣州市","江西省"
"寻乌县","赣州市","江西省"
"石城县","赣州市","江西省"
"瑞金市","赣州市","江西省"
"南康市","赣州市","江西省"
"吉州区","吉安市","江西省"
"青原区","吉安市","江西省"
"吉安县","吉安市","江西省"
"吉水县","吉安市","江西省"
"峡江县","吉安市","江西省"
"新干县","吉安市","江西省"
"永丰县","吉安市","江西省"
"泰和县","吉安市","江西省"
"遂川县","吉安市","江西省"
"万安县","吉安市","江西省"
"安福县","吉安市","江西省"
"永新县","吉安市","江西省"
"井冈山市","吉安市","江西省"
"袁州区","宜春市","江西省"
"奉新县","宜春市","江西省"
"万载县","宜春市","江西省"
"上高县","宜春市","江西省"
"宜丰县","宜春市","江西省"
"靖安县","宜春市","江西省"
"铜鼓县","宜春市","江西省"
"丰城市","宜春市","江西省"
"樟树市","宜春市","江西省"
"高安市","宜春市","江西省"
"临川区","抚州市","江西省"
"南城县","抚州市","江西省"
"黎川县","抚州市","江西省"
"南丰县","抚州市","江西省"
"崇仁县","抚州市","江西省"
"乐安县","抚州市","江西省"
"宜黄县","抚州市","江西省"
"金溪县","抚州市","江西省"
"资溪县","抚州市","江西省"
"东乡县","抚州市","江西省"
"广昌县","抚州市","江西省"
"信州区","上饶市","江西省"
"上饶县","上饶市","江西省"
"广丰县","上饶市","江西省"
"玉山县","上饶市","江西省"
"铅山县","上饶市","江西省"
"横峰县","上饶市","江西省"
"弋阳县","上饶市","江西省"
"余干县","上饶市","江西省"
"鄱阳县","上饶市","江西省"
"万年县","上饶市","江西省"
"婺源县","上饶市","江西省"
"德兴市","上饶市","江西省"
"历下区","济南市","山东省"
"市中区","济南市","山东省"
"槐荫区","济南市","山东省"
"天桥区","济南市","山东省"
"历城区","济南市","山东省"
"长清区","济南市","山东省"
"平阴县","济南市","山东省"
"济阳县","济南市","山东省"
"商河县","济南市","山东省"
"章丘市","济南市","山东省"
"市南区","青岛市","山东省"
"市北区","青岛市","山东省"
"四方区","青岛市","山东省"
"黄岛区","青岛市","山东省"
"崂山区","青岛市","山东省"
"李沧区","青岛市","山东省"
"城阳区","青岛市","山东省"
"胶州市","青岛市","山东省"
"即墨市","青岛市","山东省"
"平度市","青岛市","山东省"
"胶南市","青岛市","山东省"
"莱西市","青岛市","山东省"
"淄川区","淄博市","山东省"
"张店区","淄博市","山东省"
"博山区","淄博市","山东省"
"临淄区","淄博市","山东省"
"周村区","淄博市","山东省"
"桓台县","淄博市","山东省"
"高青县","淄博市","山东省"
"沂源县","淄博市","山东省"
"市中区","枣庄市","山东省"
"薛城区","枣庄市","山东省"
"峄城区","枣庄市","山东省"
"台儿庄区","枣庄市","山东省"
"山亭区","枣庄市","山东省"
"滕州市","枣庄市","山东省"
"东营区","东营市","山东省"
"河口区","东营市","山东省"
"垦利县","东营市","山东省"
"利津县","东营市","山东省"
"广饶县","东营市","山东省"
"芝罘区","烟台市","山东省"
"福山区","烟台市","山东省"
"牟平区","烟台市","山东省"
"莱山区","烟台市","山东省"
"长岛县","烟台市","山东省"
"龙口市","烟台市","山东省"
"莱阳市","烟台市","山东省"
"莱州市","烟台市","山东省"
"蓬莱市","烟台市","山东省"
"招远市","烟台市","山东省"
"栖霞市","烟台市","山东省"
"海阳市","烟台市","山东省"
"潍城区","潍坊市","山东省"
"寒亭区","潍坊市","山东省"
"坊子区","潍坊市","山东省"
"奎文区","潍坊市","山东省"
"临朐县","潍坊市","山东省"
"昌乐县","潍坊市","山东省"
"青州市","潍坊市","山东省"
"诸城市","潍坊市","山东省"
"寿光市","潍坊市","山东省"
"安丘市","潍坊市","山东省"
"高密市","潍坊市","山东省"
"昌邑市","潍坊市","山东省"
"市中区","济宁市","山东省"
"任城区","济宁市","山东省"
"微山县","济宁市","山东省"
"鱼台县","济宁市","山东省"
"金乡县","济宁市","山东省"
"嘉祥县","济宁市","山东省"
"汶上县","济宁市","山东省"
"泗水县","济宁市","山东省"
"梁山县","济宁市","山东省"
"曲阜市","济宁市","山东省"
"兖州市","济宁市","山东省"
"邹城市","济宁市","山东省"
"泰山区","泰安市","山东省"
"岱岳区","泰安市","山东省"
"宁阳县","泰安市","山东省"
"东平县","泰安市","山东省"
"新泰市","泰安市","山东省"
"肥城市","泰安市","山东省"
"环翠区","威海市","山东省"
"文登市","威海市","山东省"
"荣成市","威海市","山东省"
"乳山市","威海市","山东省"
"东港区","日照市","山东省"
"岚山区","日照市","山东省"
"五莲县","日照市","山东省"
"莒县","日照市","山东省"
"莱城区","莱芜市","山东省"
"钢城区","莱芜市","山东省"
"兰山区","临沂市","山东省"
"罗庄区","临沂市","山东省"
"河东区","临沂市","山东省"
"沂南县","临沂市","山东省"
"郯城县","临沂市","山东省"
"沂水县","临沂市","山东省"
"苍山县","临沂市","山东省"
"费县","临沂市","山东省"
"平邑县","临沂市","山东省"
"莒南县","临沂市","山东省"
"蒙阴县","临沂市","山东省"
"临沭县","临沂市","山东省"
"德城区","德州市","山东省"
"陵县","德州市","山东省"
"宁津县","德州市","山东省"
"庆云县","德州市","山东省"
"临邑县","德州市","山东省"
"齐河县","德州市","山东省"
"平原县","德州市","山东省"
"夏津县","德州市","山东省"
"武城县","德州市","山东省"
"乐陵市","德州市","山东省"
"禹城市","德州市","山东省"
"东昌府区","聊城市","山东省"
"阳谷县","聊城市","山东省"
"莘县","聊城市","山东省"
"茌平县","聊城市","山东省"
"东阿县","聊城市","山东省"
"冠县","聊城市","山东省"
"高唐县","聊城市","山东省"
"临清市","聊城市","山东省"
"滨城区","滨州市","山东省"
"惠民县","滨州市","山东省"
"阳信县","滨州市","山东省"
"无棣县","滨州市","山东省"
"沾化县","滨州市","山东省"
"博兴县","滨州市","山东省"
"邹平县","滨州市","山东省"
"牡丹区","荷泽市","山东省"
"曹县","荷泽市","山东省"
"单县","荷泽市","山东省"
"成武县","荷泽市","山东省"
"巨野县","荷泽市","山东省"
"郓城县","荷泽市","山东省"
"鄄城县","荷泽市","山东省"
"定陶县","荷泽市","山东省"
"东明县","荷泽市","山东省"
"中原区","郑州市","河南省"
"二七区","郑州市","河南省"
"管城回族区","郑州市","河南省"
"金水区","郑州市","河南省"
"上街区","郑州市","河南省"
"邙山区","郑州市","河南省"
"中牟县","郑州市","河南省"
"巩义市","郑州市","河南省"
"荥阳市","郑州市","河南省"
"新密市","郑州市","河南省"
"新郑市","郑州市","河南省"
"登封市","郑州市","河南省"
"龙亭区","开封市","河南省"
"顺河回族区","开封市","河南省"
"鼓楼区","开封市","河南省"
"南关区","开封市","河南省"
"郊区","开封市","河南省"
"杞县","开封市","河南省"
"通许县","开封市","河南省"
"尉氏县","开封市","河南省"
"开封县","开封市","河南省"
"兰考县","开封市","河南省"
"老城区","洛阳市","河南省"
"西工区","洛阳市","河南省"
"廛河回族区","洛阳市","河南省"
"涧西区","洛阳市","河南省"
"吉利区","洛阳市","河南省"
"洛龙区","洛阳市","河南省"
"孟津县","洛阳市","河南省"
"新安县","洛阳市","河南省"
"栾川县","洛阳市","河南省"
"嵩县","洛阳市","河南省"
"汝阳县","洛阳市","河南省"
"宜阳县","洛阳市","河南省"
"洛宁县","洛阳市","河南省"
"伊川县","洛阳市","河南省"
"偃师市","洛阳市","河南省"
"新华区","平顶山市","河南省"
"卫东区","平顶山市","河南省"
"石龙区","平顶山市","河南省"
"湛河区","平顶山市","河南省"
"宝丰县","平顶山市","河南省"
"叶县","平顶山市","河南省"
"鲁山县","平顶山市","河南省"
"郏县","平顶山市","河南省"
"舞钢市","平顶山市","河南省"
"汝州市","平顶山市","河南省"
"文峰区","安阳市","河南省"
"北关区","安阳市","河南省"
"殷都区","安阳市","河南省"
"龙安区","安阳市","河南省"
"安阳县","安阳市","河南省"
"汤阴县","安阳市","河南省"
"滑县","安阳市","河南省"
"内黄县","安阳市","河南省"
"林州市","安阳市","河南省"
"鹤山区","鹤壁市","河南省"
"山城区","鹤壁市","河南省"
"淇滨区","鹤壁市","河南省"
"浚县","鹤壁市","河南省"
"淇县","鹤壁市","河南省"
"红旗区","新乡市","河南省"
"卫滨区","新乡市","河南省"
"凤泉区","新乡市","河南省"
"牧野区","新乡市","河南省"
"新乡县","新乡市","河南省"
"获嘉县","新乡市","河南省"
"原阳县","新乡市","河南省"
"延津县","新乡市","河南省"
"封丘县","新乡市","河南省"
"长垣县","新乡市","河南省"
"卫辉市","新乡市","河南省"
"辉县市","新乡市","河南省"
"解放区","焦作市","河南省"
"中站区","焦作市","河南省"
"马村区","焦作市","河南省"
"山阳区","焦作市","河南省"
"修武县","焦作市","河南省"
"博爱县","焦作市","河南省"
"武陟县","焦作市","河南省"
"温县","焦作市","河南省"
"济源市","焦作市","河南省"
"沁阳市","焦作市","河南省"
"孟州市","焦作市","河南省"
"华龙区","濮阳市","河南省"
"清丰县","濮阳市","河南省"
"南乐县","濮阳市","河南省"
"范县","濮阳市","河南省"
"台前县","濮阳市","河南省"
"濮阳县","濮阳市","河南省"
"魏都区","许昌市","河南省"
"许昌县","许昌市","河南省"
"鄢陵县","许昌市","河南省"
"襄城县","许昌市","河南省"
"禹州市","许昌市","河南省"
"长葛市","许昌市","河南省"
"源汇区","漯河市","河南省"
"郾城区","漯河市","河南省"
"召陵区","漯河市","河南省"
"舞阳县","漯河市","河南省"
"临颍县","漯河市","河南省"
"湖滨区","三门峡市","河南省"
"渑池县","三门峡市","河南省"
"陕县","三门峡市","河南省"
"卢氏县","三门峡市","河南省"
"义马市","三门峡市","河南省"
"灵宝市","三门峡市","河南省"
"宛城区","南阳市","河南省"
"卧龙区","南阳市","河南省"
"南召县","南阳市","河南省"
"方城县","南阳市","河南省"
"西峡县","南阳市","河南省"
"镇平县","南阳市","河南省"
"内乡县","南阳市","河南省"
"淅川县","南阳市","河南省"
"社旗县","南阳市","河南省"
"唐河县","南阳市","河南省"
"新野县","南阳市","河南省"
"桐柏县","南阳市","河南省"
"邓州市","南阳市","河南省"
"梁园区","商丘市","河南省"
"睢阳区","商丘市","河南省"
"民权县","商丘市","河南省"
"睢县","商丘市","河南省"
"宁陵县","商丘市","河南省"
"柘城县","商丘市","河南省"
"虞城县","商丘市","河南省"
"夏邑县","商丘市","河南省"
"永城市","商丘市","河南省"
"师河区","信阳市","河南省"
"平桥区","信阳市","河南省"
"罗山县","信阳市","河南省"
"光山县","信阳市","河南省"
"新县","信阳市","河南省"
"商城县","信阳市","河南省"
"固始县","信阳市","河南省"
"潢川县","信阳市","河南省"
"淮滨县","信阳市","河南省"
"息县","信阳市","河南省"
"川汇区","周口市","河南省"
"扶沟县","周口市","河南省"
"西华县","周口市","河南省"
"商水县","周口市","河南省"
"沈丘县","周口市","河南省"
"郸城县","周口市","河南省"
"淮阳县","周口市","河南省"
"太康县","周口市","河南省"
"鹿邑县","周口市","河南省"
"项城市","周口市","河南省"
"驿城区","驻马店市","河南省"
"西平县","驻马店市","河南省"
"上蔡县","驻马店市","河南省"
"平舆县","驻马店市","河南省"
"正阳县","驻马店市","河南省"
"确山县","驻马店市","河南省"
"泌阳县","驻马店市","河南省"
"汝南县","驻马店市","河南省"
"遂平县","驻马店市","河南省"
"新蔡县","驻马店市","河南省"
"江岸区","武汉市","湖北省"
"江汉区","武汉市","湖北省"
"乔口区","武汉市","湖北省"
"汉阳区","武汉市","湖北省"
"武昌区","武汉市","湖北省"
"青山区","武汉市","湖北省"
"洪山区","武汉市","湖北省"
"东西湖区","武汉市","湖北省"
"汉南区","武汉市","湖北省"
"蔡甸区","武汉市","湖北省"
"江夏区","武汉市","湖北省"
"黄陂区","武汉市","湖北省"
"新洲区","武汉市","湖北省"
"黄石港区","黄石市","湖北省"
"西塞山区","黄石市","湖北省"
"下陆区","黄石市","湖北省"
"铁山区","黄石市","湖北省"
"阳新县","黄石市","湖北省"
"大冶市","黄石市","湖北省"
"茅箭区","十堰市","湖北省"
"张湾区","十堰市","湖北省"
"郧县","十堰市","湖北省"
"郧西县","十堰市","湖北省"
"竹山县","十堰市","湖北省"
"竹溪县","十堰市","湖北省"
"房县","十堰市","湖北省"
"丹江口市","十堰市","湖北省"
"西陵区","宜昌市","湖北省"
"伍家岗区","宜昌市","湖北省"
"点军区","宜昌市","湖北省"
"猇亭区","宜昌市","湖北省"
"夷陵区","宜昌市","湖北省"
"远安县","宜昌市","湖北省"
"兴山县","宜昌市","湖北省"
"秭归县","宜昌市","湖北省"
"长阳土家族自治县","宜昌市","湖北省"
"五峰土家族自治县","宜昌市","湖北省"
"宜都市","宜昌市","湖北省"
"当阳市","宜昌市","湖北省"
"枝江市","宜昌市","湖北省"
"襄城区","襄樊市","湖北省"
"樊城区","襄樊市","湖北省"
"襄阳区","襄樊市","湖北省"
"南漳县","襄樊市","湖北省"
"谷城县","襄樊市","湖北省"
"保康县","襄樊市","湖北省"
"老河口市","襄樊市","湖北省"
"枣阳市","襄樊市","湖北省"
"宜城市","襄樊市","湖北省"
"梁子湖区","鄂州市","湖北省"
"华容区","鄂州市","湖北省"
"鄂城区","鄂州市","湖北省"
"东宝区","荆门市","湖北省"
"掇刀区","荆门市","湖北省"
"京山县","荆门市","湖北省"
"沙洋县","荆门市","湖北省"
"钟祥市","荆门市","湖北省"
"孝南区","孝感市","湖北省"
"孝昌县","孝感市","湖北省"
"大悟县","孝感市","湖北省"
"云梦县","孝感市","湖北省"
"应城市","孝感市","湖北省"
"安陆市","孝感市","湖北省"
"汉川市","孝感市","湖北省"
"沙市区","荆州市","湖北省"
"荆州区","荆州市","湖北省"
"公安县","荆州市","湖北省"
"监利县","荆州市","湖北省"
"江陵县","荆州市","湖北省"
"石首市","荆州市","湖北省"
"洪湖市","荆州市","湖北省"
"松滋市","荆州市","湖北省"
"黄州区","黄冈市","湖北省"
"团风县","黄冈市","湖北省"
"红安县","黄冈市","湖北省"
"罗田县","黄冈市","湖北省"
"英山县","黄冈市","湖北省"
"浠水县","黄冈市","湖北省"
"蕲春县","黄冈市","湖北省"
"黄梅县","黄冈市","湖北省"
"麻城市","黄冈市","湖北省"
"武穴市","黄冈市","湖北省"
"咸安区","咸宁市","湖北省"
"嘉鱼县","咸宁市","湖北省"
"通城县","咸宁市","湖北省"
"崇阳县","咸宁市","湖北省"
"通山县","咸宁市","湖北省"
"赤壁市","咸宁市","湖北省"
"曾都区","随州市","湖北省"
"广水市","随州市","湖北省"
"恩施市","恩施土家族苗族自治州","湖北省"
"利川市","恩施土家族苗族自治州","湖北省"
"建始县","恩施土家族苗族自治州","湖北省"
"巴东县","恩施土家族苗族自治州","湖北省"
"宣恩县","恩施土家族苗族自治州","湖北省"
"咸丰县","恩施土家族苗族自治州","湖北省"
"来凤县","恩施土家族苗族自治州","湖北省"
"鹤峰县","恩施土家族苗族自治州","湖北省"
"仙桃市","省直辖行政单位","湖北省"
"潜江市","省直辖行政单位","湖北省"
"天门市","省直辖行政单位","湖北省"
"神农架林区","省直辖行政单位","湖北省"
"芙蓉区","长沙市","湖南省"
"天心区","长沙市","湖南省"
"岳麓区","长沙市","湖南省"
"开福区","长沙市","湖南省"
"雨花区","长沙市","湖南省"
"长沙县","长沙市","湖南省"
"望城县","长沙市","湖南省"
"宁乡县","长沙市","湖南省"
"浏阳市","长沙市","湖南省"
"荷塘区","株洲市","湖南省"
"芦淞区","株洲市","湖南省"
"石峰区","株洲市","湖南省"
"天元区","株洲市","湖南省"
"株洲县","株洲市","湖南省"
"攸县","株洲市","湖南省"
"茶陵县","株洲市","湖南省"
"炎陵县","株洲市","湖南省"
"醴陵市","株洲市","湖南省"
"雨湖区","湘潭市","湖南省"
"岳塘区","湘潭市","湖南省"
"湘潭县","湘潭市","湖南省"
"湘乡市","湘潭市","湖南省"
"韶山市","湘潭市","湖南省"
"珠晖区","衡阳市","湖南省"
"雁峰区","衡阳市","湖南省"
"石鼓区","衡阳市","湖南省"
"蒸湘区","衡阳市","湖南省"
"南岳区","衡阳市","湖南省"
"衡阳县","衡阳市","湖南省"
"衡南县","衡阳市","湖南省"
"衡山县","衡阳市","湖南省"
"衡东县","衡阳市","湖南省"
"祁东县","衡阳市","湖南省"
"耒阳市","衡阳市","湖南省"
"常宁市","衡阳市","湖南省"
"双清区","邵阳市","湖南省"
"大祥区","邵阳市","湖南省"
"北塔区","邵阳市","湖南省"
"邵东县","邵阳市","湖南省"
"新邵县","邵阳市","湖南省"
"邵阳县","邵阳市","湖南省"
"隆回县","邵阳市","湖南省"
"洞口县","邵阳市","湖南省"
"绥宁县","邵阳市","湖南省"
"新宁县","邵阳市","湖南省"
"城步苗族自治县","邵阳市","湖南省"
"武冈市","邵阳市","湖南省"
"岳阳楼区","岳阳市","湖南省"
"云溪区","岳阳市","湖南省"
"君山区","岳阳市","湖南省"
"岳阳县","岳阳市","湖南省"
"华容县","岳阳市","湖南省"
"湘阴县","岳阳市","湖南省"
"平江县","岳阳市","湖南省"
"汨罗市","岳阳市","湖南省"
"临湘市","岳阳市","湖南省"
"武陵区","常德市","湖南省"
"鼎城区","常德市","湖南省"
"安乡县","常德市","湖南省"
"汉寿县","常德市","湖南省"
"澧县","常德市","湖南省"
"临澧县","常德市","湖南省"
"桃源县","常德市","湖南省"
"石门县","常德市","湖南省"
"津市市","常德市","湖南省"
"永定区","张家界市","湖南省"
"武陵源区","张家界市","湖南省"
"慈利县","张家界市","湖南省"
"桑植县","张家界市","湖南省"
"资阳区","益阳市","湖南省"
"赫山区","益阳市","湖南省"
"南县","益阳市","湖南省"
"桃江县","益阳市","湖南省"
"安化县","益阳市","湖南省"
"沅江市","益阳市","湖南省"
"北湖区","郴州市","湖南省"
"苏仙区","郴州市","湖南省"
"桂阳县","郴州市","湖南省"
"宜章县","郴州市","湖南省"
"永兴县","郴州市","湖南省"
"嘉禾县","郴州市","湖南省"
"临武县","郴州市","湖南省"
"汝城县","郴州市","湖南省"
"桂东县","郴州市","湖南省"
"安仁县","郴州市","湖南省"
"资兴市","郴州市","湖南省"
"芝山区","永州市","湖南省"
"冷水滩区","永州市","湖南省"
"祁阳县","永州市","湖南省"
"东安县","永州市","湖南省"
"双牌县","永州市","湖南省"
"道县","永州市","湖南省"
"江永县","永州市","湖南省"
"宁远县","永州市","湖南省"
"蓝山县","永州市","湖南省"
"新田县","永州市","湖南省"
"江华瑶族自治县","永州市","湖南省"
"鹤城区","怀化市","湖南省"
"中方县","怀化市","湖南省"
"沅陵县","怀化市","湖南省"
"辰溪县","怀化市","湖南省"
"溆浦县","怀化市","湖南省"
"会同县","怀化市","湖南省"
"麻阳苗族自治县","怀化市","湖南省"
"新晃侗族自治县","怀化市","湖南省"
"芷江侗族自治县","怀化市","湖南省"
"靖州苗族侗族自治县","怀化市","湖南省"
"通道侗族自治县","怀化市","湖南省"
"洪江市","怀化市","湖南省"
"娄星区","娄底市","湖南省"
"双峰县","娄底市","湖南省"
"新化县","娄底市","湖南省"
"冷水江市","娄底市","湖南省"
"涟源市","娄底市","湖南省"
"吉首市","湘西土家族苗族自治州","湖南省"
"泸溪县","湘西土家族苗族自治州","湖南省"
"凤凰县","湘西土家族苗族自治州","湖南省"
"花垣县","湘西土家族苗族自治州","湖南省"
"保靖县","湘西土家族苗族自治州","湖南省"
"古丈县","湘西土家族苗族自治州","湖南省"
"永顺县","湘西土家族苗族自治州","湖南省"
"龙山县","湘西土家族苗族自治州","湖南省"
"东山区","广州市","广东省"
"荔湾区","广州市","广东省"
"越秀区","广州市","广东省"
"海珠区","广州市","广东省"
"天河区","广州市","广东省"
"芳村区","广州市","广东省"
"白云区","广州市","广东省"
"黄埔区","广州市","广东省"
"番禺区","广州市","广东省"
"花都区","广州市","广东省"
"增城市","广州市","广东省"
"从化市","广州市","广东省"
"武江区","韶关市","广东省"
"浈江区","韶关市","广东省"
"曲江区","韶关市","广东省"
"始兴县","韶关市","广东省"
"仁化县","韶关市","广东省"
"翁源县","韶关市","广东省"
"乳源瑶族自治县","韶关市","广东省"
"新丰县","韶关市","广东省"
"乐昌市","韶关市","广东省"
"南雄市","韶关市","广东省"
"罗湖区","深圳市","广东省"
"福田区","深圳市","广东省"
"南山区","深圳市","广东省"
"宝安区","深圳市","广东省"
"龙岗区","深圳市","广东省"
"盐田区","深圳市","广东省"
"香洲区","珠海市","广东省"
"斗门区","珠海市","广东省"
"金湾区","珠海市","广东省"
"龙湖区","汕头市","广东省"
"金平区","汕头市","广东省"
"濠江区","汕头市","广东省"
"潮阳区","汕头市","广东省"
"潮南区","汕头市","广东省"
"澄海区","汕头市","广东省"
"南澳县","汕头市","广东省"
"禅城区","佛山市","广东省"
"南海区","佛山市","广东省"
"顺德区","佛山市","广东省"
"三水区","佛山市","广东省"
"高明区","佛山市","广东省"
"蓬江区","江门市","广东省"
"江海区","江门市","广东省"
"新会区","江门市","广东省"
"台山市","江门市","广东省"
"开平市","江门市","广东省"
"鹤山市","江门市","广东省"
"恩平市","江门市","广东省"
"赤坎区","湛江市","广东省"
"霞山区","湛江市","广东省"
"坡头区","湛江市","广东省"
"麻章区","湛江市","广东省"
"遂溪县","湛江市","广东省"
"徐闻县","湛江市","广东省"
"廉江市","湛江市","广东省"
"雷州市","湛江市","广东省"
"吴川市","湛江市","广东省"
"茂南区","茂名市","广东省"
"茂港区","茂名市","广东省"
"电白县","茂名市","广东省"
"高州市","茂名市","广东省"
"化州市","茂名市","广东省"
"信宜市","茂名市","广东省"
"端州区","肇庆市","广东省"
"鼎湖区","肇庆市","广东省"
"广宁县","肇庆市","广东省"
"怀集县","肇庆市","广东省"
"封开县","肇庆市","广东省"
"德庆县","肇庆市","广东省"
"高要市","肇庆市","广东省"
"四会市","肇庆市","广东省"
"惠城区","惠州市","广东省"
"惠阳区","惠州市","广东省"
"博罗县","惠州市","广东省"
"惠东县","惠州市","广东省"
"龙门县","惠州市","广东省"
"梅江区","梅州市","广东省"
"梅县","梅州市","广东省"
"大埔县","梅州市","广东省"
"丰顺县","梅州市","广东省"
"五华县","梅州市","广东省"
"平远县","梅州市","广东省"
"蕉岭县","梅州市","广东省"
"兴宁市","梅州市","广东省"
"城区","汕尾市","广东省"
"海丰县","汕尾市","广东省"
"陆河县","汕尾市","广东省"
"陆丰市","汕尾市","广东省"
"源城区","河源市","广东省"
"紫金县","河源市","广东省"
"龙川县","河源市","广东省"
"连平县","河源市","广东省"
"和平县","河源市","广东省"
"东源县","河源市","广东省"
"江城区","阳江市","广东省"
"阳西县","阳江市","广东省"
"阳东县","阳江市","广东省"
"阳春市","阳江市","广东省"
"清城区","清远市","广东省"
"佛冈县","清远市","广东省"
"阳山县","清远市","广东省"
"连山壮族瑶族自治县","清远市","广东省"
"连南瑶族自治县","清远市","广东省"
"清新县","清远市","广东省"
"英德市","清远市","广东省"
"连州市","清远市","广东省"
"湘桥区","潮州市","广东省"
"潮安县","潮州市","广东省"
"饶平县","潮州市","广东省"
"榕城区","揭阳市","广东省"
"揭东县","揭阳市","广东省"
"揭西县","揭阳市","广东省"
"惠来县","揭阳市","广东省"
"普宁市","揭阳市","广东省"
"云城区","云浮市","广东省"
"新兴县","云浮市","广东省"
"郁南县","云浮市","广东省"
"云安县","云浮市","广东省"
"罗定市","云浮市","广东省"
"兴宁区","南宁市","广西壮族自治区"
"青秀区","南宁市","广西壮族自治区"
"江南区","南宁市","广西壮族自治区"
"西乡塘区","南宁市","广西壮族自治区"
"良庆区","南宁市","广西壮族自治区"
"邕宁区","南宁市","广西壮族自治区"
"武鸣县","南宁市","广西壮族自治区"
"隆安县","南宁市","广西壮族自治区"
"马山县","南宁市","广西壮族自治区"
"上林县","南宁市","广西壮族自治区"
"宾阳县","南宁市","广西壮族自治区"
"横县","南宁市","广西壮族自治区"
"城中区","柳州市","广西壮族自治区"
"鱼峰区","柳州市","广西壮族自治区"
"柳南区","柳州市","广西壮族自治区"
"柳北区","柳州市","广西壮族自治区"
"柳江县","柳州市","广西壮族自治区"
"柳城县","柳州市","广西壮族自治区"
"鹿寨县","柳州市","广西壮族自治区"
"融安县","柳州市","广西壮族自治区"
"融水苗族自治县","柳州市","广西壮族自治区"
"三江侗族自治县","柳州市","广西壮族自治区"
"秀峰区","桂林市","广西壮族自治区"
"叠彩区","桂林市","广西壮族自治区"
"象山区","桂林市","广西壮族自治区"
"七星区","桂林市","广西壮族自治区"
"雁山区","桂林市","广西壮族自治区"
"阳朔县","桂林市","广西壮族自治区"
"临桂县","桂林市","广西壮族自治区"
"灵川县","桂林市","广西壮族自治区"
"全州县","桂林市","广西壮族自治区"
"兴安县","桂林市","广西壮族自治区"
"永福县","桂林市","广西壮族自治区"
"灌阳县","桂林市","广西壮族自治区"
"龙胜各族自治县","桂林市","广西壮族自治区"
"资源县","桂林市","广西壮族自治区"
"平乐县","桂林市","广西壮族自治区"
"荔蒲县","桂林市","广西壮族自治区"
"恭城瑶族自治县","桂林市","广西壮族自治区"
"万秀区","梧州市","广西壮族自治区"
"蝶山区","梧州市","广西壮族自治区"
"长洲区","梧州市","广西壮族自治区"
"苍梧县","梧州市","广西壮族自治区"
"藤县","梧州市","广西壮族自治区"
"蒙山县","梧州市","广西壮族自治区"
"岑溪市","梧州市","广西壮族自治区"
"海城区","北海市","广西壮族自治区"
"银海区","北海市","广西壮族自治区"
"铁山港区","北海市","广西壮族自治区"
"合浦县","北海市","广西壮族自治区"
"港口区","防城港市","广西壮族自治区"
"防城区","防城港市","广西壮族自治区"
"上思县","防城港市","广西壮族自治区"
"东兴市","防城港市","广西壮族自治区"
"钦南区","钦州市","广西壮族自治区"
"钦北区","钦州市","广西壮族自治区"
"灵山县","钦州市","广西壮族自治区"
"浦北县","钦州市","广西壮族自治区"
"港北区","贵港市","广西壮族自治区"
"港南区","贵港市","广西壮族自治区"
"覃塘区","贵港市","广西壮族自治区"
"平南县","贵港市","广西壮族自治区"
"桂平市","贵港市","广西壮族自治区"
"玉州区","玉林市","广西壮族自治区"
"容县","玉林市","广西壮族自治区"
"陆川县","玉林市","广西壮族自治区"
"博白县","玉林市","广西壮族自治区"
"兴业县","玉林市","广西壮族自治区"
"北流市","玉林市","广西壮族自治区"
"右江区","百色市","广西壮族自治区"
"田阳县","百色市","广西壮族自治区"
"田东县","百色市","广西壮族自治区"
"平果县","百色市","广西壮族自治区"
"德保县","百色市","广西壮族自治区"
"靖西县","百色市","广西壮族自治区"
"那坡县","百色市","广西壮族自治区"
"凌云县","百色市","广西壮族自治区"
"乐业县","百色市","广西壮族自治区"
"田林县","百色市","广西壮族自治区"
"西林县","百色市","广西壮族自治区"
"隆林各族自治县","百色市","广西壮族自治区"
"八步区","贺州市","广西壮族自治区"
"昭平县","贺州市","广西壮族自治区"
"钟山县","贺州市","广西壮族自治区"
"富川瑶族自治县","贺州市","广西壮族自治区"
"金城江区","河池市","广西壮族自治区"
"南丹县","河池市","广西壮族自治区"
"天峨县","河池市","广西壮族自治区"
"凤山县","河池市","广西壮族自治区"
"东兰县","河池市","广西壮族自治区"
"罗城仫佬族自治县","河池市","广西壮族自治区"
"环江毛南族自治县","河池市","广西壮族自治区"
"巴马瑶族自治县","河池市","广西壮族自治区"
"都安瑶族自治县","河池市","广西壮族自治区"
"大化瑶族自治县","河池市","广西壮族自治区"
"宜州市","河池市","广西壮族自治区"
"兴宾区","来宾市","广西壮族自治区"
"忻城县","来宾市","广西壮族自治区"
"象州县","来宾市","广西壮族自治区"
"武宣县","来宾市","广西壮族自治区"
"金秀瑶族自治县","来宾市","广西壮族自治区"
"合山市","来宾市","广西壮族自治区"
"江洲区","崇左市","广西壮族自治区"
"扶绥县","崇左市","广西壮族自治区"
"宁明县","崇左市","广西壮族自治区"
"龙州县","崇左市","广西壮族自治区"
"大新县","崇左市","广西壮族自治区"
"天等县","崇左市","广西壮族自治区"
"凭祥市","崇左市","广西壮族自治区"
"秀英区","海口市","海南省"
"龙华区","海口市","海南省"
"琼山区","海口市","海南省"
"美兰区","海口市","海南省"
"五指山市","省直辖县级行政单位","海南省"
"琼海市","省直辖县级行政单位","海南省"
"儋州市","省直辖县级行政单位","海南省"
"文昌市","省直辖县级行政单位","海南省"
"万宁市","省直辖县级行政单位","海南省"
"东方市","省直辖县级行政单位","海南省"
"定安县","省直辖县级行政单位","海南省"
"屯昌县","省直辖县级行政单位","海南省"
"澄迈县","省直辖县级行政单位","海南省"
"临高县","省直辖县级行政单位","海南省"
"白沙黎族自治县","省直辖县级行政单位","海南省"
"昌江黎族自治县","省直辖县级行政单位","海南省"
"乐东黎族自治县","省直辖县级行政单位","海南省"
"陵水黎族自治县","省直辖县级行政单位","海南省"
"保亭黎族苗族自治县","省直辖县级行政单位","海南省"
"琼中黎族苗族自治县","省直辖县级行政单位","海南省"
"西沙群岛","省直辖县级行政单位","海南省"
"南沙群岛","省直辖县级行政单位","海南省"
"中沙群岛的岛礁及其海域","省直辖县级行政单位","海南省"
"万州区","重庆市","重庆市"
"涪陵区","重庆市","重庆市"
"渝中区","重庆市","重庆市"
"大渡口区","重庆市","重庆市"
"江北区","重庆市","重庆市"
"沙坪坝区","重庆市","重庆市"
"九龙坡区","重庆市","重庆市"
"南岸区","重庆市","重庆市"
"北碚区","重庆市","重庆市"
"万盛区","重庆市","重庆市"
"双桥区","重庆市","重庆市"
"渝北区","重庆市","重庆市"
"巴南区","重庆市","重庆市"
"黔江区","重庆市","重庆市"
"长寿区","重庆市","重庆市"
"綦江县","重庆市","重庆市"
"潼南县","重庆市","重庆市"
"铜梁县","重庆市","重庆市"
"大足县","重庆市","重庆市"
"荣昌县","重庆市","重庆市"
"璧山县","重庆市","重庆市"
"梁平县","重庆市","重庆市"
"城口县","重庆市","重庆市"
"丰都县","重庆市","重庆市"
"垫江县","重庆市","重庆市"
"武隆县","重庆市","重庆市"
"忠县","重庆市","重庆市"
"开县","重庆市","重庆市"
"云阳县","重庆市","重庆市"
"奉节县","重庆市","重庆市"
"巫山县","重庆市","重庆市"
"巫溪县","重庆市","重庆市"
"石柱土家族自治县","重庆市","重庆市"
"秀山土家族苗族自治县","重庆市","重庆市"
"酉阳土家族苗族自治县","重庆市","重庆市"
"彭水苗族土家族自治县","重庆市","重庆市"
"江津市","市","重庆市"
"合川市","市","重庆市"
"永川市","市","重庆市"
"南川市","市","重庆市"
"锦江区","成都市","四川省"
"青羊区","成都市","四川省"
"金牛区","成都市","四川省"
"武侯区","成都市","四川省"
"成华区","成都市","四川省"
"龙泉驿区","成都市","四川省"
"青白江区","成都市","四川省"
"新都区","成都市","四川省"
"温江区","成都市","四川省"
"金堂县","成都市","四川省"
"双流县","成都市","四川省"
"郫县","成都市","四川省"
"大邑县","成都市","四川省"
"蒲江县","成都市","四川省"
"新津县","成都市","四川省"
"都江堰市","成都市","四川省"
"彭州市","成都市","四川省"
"邛崃市","成都市","四川省"
"崇州市","成都市","四川省"
"自流井区","自贡市","四川省"
"贡井区","自贡市","四川省"
"大安区","自贡市","四川省"
"沿滩区","自贡市","四川省"
"荣县","自贡市","四川省"
"富顺县","自贡市","四川省"
"东区","攀枝花市","四川省"
"西区","攀枝花市","四川省"
"仁和区","攀枝花市","四川省"
"米易县","攀枝花市","四川省"
"盐边县","攀枝花市","四川省"
"江阳区","泸州市","四川省"
"纳溪区","泸州市","四川省"
"龙马潭区","泸州市","四川省"
"泸县","泸州市","四川省"
"合江县","泸州市","四川省"
"叙永县","泸州市","四川省"
"古蔺县","泸州市","四川省"
"旌阳区","德阳市","四川省"
"中江县","德阳市","四川省"
"罗江县","德阳市","四川省"
"广汉市","德阳市","四川省"
"什邡市","德阳市","四川省"
"绵竹市","德阳市","四川省"
"涪城区","绵阳市","四川省"
"游仙区","绵阳市","四川省"
"三台县","绵阳市","四川省"
"盐亭县","绵阳市","四川省"
"安县","绵阳市","四川省"
"梓潼县","绵阳市","四川省"
"北川羌族自治县","绵阳市","四川省"
"平武县","绵阳市","四川省"
"江油市","绵阳市","四川省"
"市中区","广元市","四川省"
"元坝区","广元市","四川省"
"朝天区","广元市","四川省"
"旺苍县","广元市","四川省"
"青川县","广元市","四川省"
"剑阁县","广元市","四川省"
"苍溪县","广元市","四川省"
"船山区","遂宁市","四川省"
"安居区","遂宁市","四川省"
"蓬溪县","遂宁市","四川省"
"射洪县","遂宁市","四川省"
"大英县","遂宁市","四川省"
"市中区","内江市","四川省"
"东兴区","内江市","四川省"
"威远县","内江市","四川省"
"资中县","内江市","四川省"
"隆昌县","内江市","四川省"
"市中区","乐山市","四川省"
"沙湾区","乐山市","四川省"
"五通桥区","乐山市","四川省"
"金口河区","乐山市","四川省"
"犍为县","乐山市","四川省"
"井研县","乐山市","四川省"
"夹江县","乐山市","四川省"
"沐川县","乐山市","四川省"
"峨边彝族自治县","乐山市","四川省"
"马边彝族自治县","乐山市","四川省"
"峨眉山市","乐山市","四川省"
"顺庆区","南充市","四川省"
"高坪区","南充市","四川省"
"嘉陵区","南充市","四川省"
"南部县","南充市","四川省"
"营山县","南充市","四川省"
"蓬安县","南充市","四川省"
"仪陇县","南充市","四川省"
"西充县","南充市","四川省"
"阆中市","南充市","四川省"
"东坡区","眉山市","四川省"
"仁寿县","眉山市","四川省"
"彭山县","眉山市","四川省"
"洪雅县","眉山市","四川省"
"丹棱县","眉山市","四川省"
"青神县","眉山市","四川省"
"翠屏区","宜宾市","四川省"
"宜宾县","宜宾市","四川省"
"南溪县","宜宾市","四川省"
"江安县","宜宾市","四川省"
"长宁县","宜宾市","四川省"
"高县","宜宾市","四川省"
"珙县","宜宾市","四川省"
"筠连县","宜宾市","四川省"
"兴文县","宜宾市","四川省"
"屏山县","宜宾市","四川省"
"广安区","广安市","四川省"
"岳池县","广安市","四川省"
"武胜县","广安市","四川省"
"邻水县","广安市","四川省"
"华莹市","广安市","四川省"
"通川区","达州市","四川省"
"达县","达州市","四川省"
"宣汉县","达州市","四川省"
"开江县","达州市","四川省"
"大竹县","达州市","四川省"
"渠县","达州市","四川省"
"万源市","达州市","四川省"
"雨城区","雅安市","四川省"
"名山县","雅安市","四川省"
"荥经县","雅安市","四川省"
"汉源县","雅安市","四川省"
"石棉县","雅安市","四川省"
"天全县","雅安市","四川省"
"芦山县","雅安市","四川省"
"宝兴县","雅安市","四川省"
"巴州区","巴中市","四川省"
"通江县","巴中市","四川省"
"南江县","巴中市","四川省"
"平昌县","巴中市","四川省"
"雁江区","资阳市","四川省"
"安岳县","资阳市","四川省"
"乐至县","资阳市","四川省"
"简阳市","资阳市","四川省"
"汶川县","阿坝藏族羌族自治州","四川省"
"理县","阿坝藏族羌族自治州","四川省"
"茂县","阿坝藏族羌族自治州","四川省"
"松潘县","阿坝藏族羌族自治州","四川省"
"九寨沟县","阿坝藏族羌族自治州","四川省"
"金川县","阿坝藏族羌族自治州","四川省"
"小金县","阿坝藏族羌族自治州","四川省"
"黑水县","阿坝藏族羌族自治州","四川省"
"马尔康县","阿坝藏族羌族自治州","四川省"
"壤塘县","阿坝藏族羌族自治州","四川省"
"阿坝县","阿坝藏族羌族自治州","四川省"
"若尔盖县","阿坝藏族羌族自治州","四川省"
"红原县","阿坝藏族羌族自治州","四川省"
"康定县","甘孜藏族自治州","四川省"
"泸定县","甘孜藏族自治州","四川省"
"丹巴县","甘孜藏族自治州","四川省"
"九龙县","甘孜藏族自治州","四川省"
"雅江县","甘孜藏族自治州","四川省"
"道孚县","甘孜藏族自治州","四川省"
"炉霍县","甘孜藏族自治州","四川省"
"甘孜县","甘孜藏族自治州","四川省"
"新龙县","甘孜藏族自治州","四川省"
"德格县","甘孜藏族自治州","四川省"
"白玉县","甘孜藏族自治州","四川省"
"石渠县","甘孜藏族自治州","四川省"
"色达县","甘孜藏族自治州","四川省"
"理塘县","甘孜藏族自治州","四川省"
"巴塘县","甘孜藏族自治州","四川省"
"乡城县","甘孜藏族自治州","四川省"
"稻城县","甘孜藏族自治州","四川省"
"得荣县","甘孜藏族自治州","四川省"
"西昌市","凉山彝族自治州","四川省"
"木里藏族自治县","凉山彝族自治州","四川省"
"盐源县","凉山彝族自治州","四川省"
"德昌县","凉山彝族自治州","四川省"
"会理县","凉山彝族自治州","四川省"
"会东县","凉山彝族自治州","四川省"
"宁南县","凉山彝族自治州","四川省"
"普格县","凉山彝族自治州","四川省"
"布拖县","凉山彝族自治州","四川省"
"金阳县","凉山彝族自治州","四川省"
"昭觉县","凉山彝族自治州","四川省"
"喜德县","凉山彝族自治州","四川省"
"冕宁县","凉山彝族自治州","四川省"
"越西县","凉山彝族自治州","四川省"
"甘洛县","凉山彝族自治州","四川省"
"美姑县","凉山彝族自治州","四川省"
"雷波县","凉山彝族自治州","四川省"
"南明区","贵阳市","贵州省"
"云岩区","贵阳市","贵州省"
"花溪区","贵阳市","贵州省"
"乌当区","贵阳市","贵州省"
"白云区","贵阳市","贵州省"
"小河区","贵阳市","贵州省"
"开阳县","贵阳市","贵州省"
"息烽县","贵阳市","贵州省"
"修文县","贵阳市","贵州省"
"清镇市","贵阳市","贵州省"
"钟山区","六盘水市","贵州省"
"六枝特区","六盘水市","贵州省"
"水城县","六盘水市","贵州省"
"盘县","六盘水市","贵州省"
"红花岗区","遵义市","贵州省"
"汇川区","遵义市","贵州省"
"遵义县","遵义市","贵州省"
"桐梓县","遵义市","贵州省"
"绥阳县","遵义市","贵州省"
"正安县","遵义市","贵州省"
"道真仡佬族苗族自治县","遵义市","贵州省"
"务川仡佬族苗族自治县","遵义市","贵州省"
"凤冈县","遵义市","贵州省"
"湄潭县","遵义市","贵州省"
"余庆县","遵义市","贵州省"
"习水县","遵义市","贵州省"
"赤水市","遵义市","贵州省"
"仁怀市","遵义市","贵州省"
"西秀区","安顺市","贵州省"
"平坝县","安顺市","贵州省"
"普定县","安顺市","贵州省"
"镇宁布依族苗族自治县","安顺市","贵州省"
"关岭布依族苗族自治县","安顺市","贵州省"
"紫云苗族布依族自治县","安顺市","贵州省"
"铜仁市","铜仁地区","贵州省"
"江口县","铜仁地区","贵州省"
"玉屏侗族自治县","铜仁地区","贵州省"
"石阡县","铜仁地区","贵州省"
"思南县","铜仁地区","贵州省"
"印江土家族苗族自治县","铜仁地区","贵州省"
"德江县","铜仁地区","贵州省"
"沿河土家族自治县","铜仁地区","贵州省"
"松桃苗族自治县","铜仁地区","贵州省"
"万山特区","铜仁地区","贵州省"
"兴义市","黔西南布依族苗族自治州","贵州省"
"兴仁县","黔西南布依族苗族自治州","贵州省"
"普安县","黔西南布依族苗族自治州","贵州省"
"晴隆县","黔西南布依族苗族自治州","贵州省"
"贞丰县","黔西南布依族苗族自治州","贵州省"
"望谟县","黔西南布依族苗族自治州","贵州省"
"册亨县","黔西南布依族苗族自治州","贵州省"
"安龙县","黔西南布依族苗族自治州","贵州省"
"毕节市","毕节地区","贵州省"
"大方县","毕节地区","贵州省"
"黔西县","毕节地区","贵州省"
"金沙县","毕节地区","贵州省"
"织金县","毕节地区","贵州省"
"纳雍县","毕节地区","贵州省"
"威宁彝族回族苗族自治县","毕节地区","贵州省"
"赫章县","毕节地区","贵州省"
"凯里市","黔东南苗族侗族自治州","贵州省"
"黄平县","黔东南苗族侗族自治州","贵州省"
"施秉县","黔东南苗族侗族自治州","贵州省"
"三穗县","黔东南苗族侗族自治州","贵州省"
"镇远县","黔东南苗族侗族自治州","贵州省"
"岑巩县","黔东南苗族侗族自治州","贵州省"
"天柱县","黔东南苗族侗族自治州","贵州省"
"锦屏县","黔东南苗族侗族自治州","贵州省"
"剑河县","黔东南苗族侗族自治州","贵州省"
"台江县","黔东南苗族侗族自治州","贵州省"
"黎平县","黔东南苗族侗族自治州","贵州省"
"榕江县","黔东南苗族侗族自治州","贵州省"
"从江县","黔东南苗族侗族自治州","贵州省"
"雷山县","黔东南苗族侗族自治州","贵州省"
"麻江县","黔东南苗族侗族自治州","贵州省"
"丹寨县","黔东南苗族侗族自治州","贵州省"
"都匀市","黔南布依族苗族自治州","贵州省"
"福泉市","黔南布依族苗族自治州","贵州省"
"荔波县","黔南布依族苗族自治州","贵州省"
"贵定县","黔南布依族苗族自治州","贵州省"
"瓮安县","黔南布依族苗族自治州","贵州省"
"独山县","黔南布依族苗族自治州","贵州省"
"平塘县","黔南布依族苗族自治州","贵州省"
"罗甸县","黔南布依族苗族自治州","贵州省"
"长顺县","黔南布依族苗族自治州","贵州省"
"龙里县","黔南布依族苗族自治州","贵州省"
"惠水县","黔南布依族苗族自治州","贵州省"
"三都水族自治县","黔南布依族苗族自治州","贵州省"
"五华区","昆明市","云南省"
"盘龙区","昆明市","云南省"
"官渡区","昆明市","云南省"
"西山区","昆明市","云南省"
"东川区","昆明市","云南省"
"呈贡县","昆明市","云南省"
"晋宁县","昆明市","云南省"
"富民县","昆明市","云南省"
"宜良县","昆明市","云南省"
"石林彝族自治县","昆明市","云南省"
"嵩明县","昆明市","云南省"
"禄劝彝族苗族自治县","昆明市","云南省"
"寻甸回族彝族自治县","昆明市","云南省"
"安宁市","昆明市","云南省"
"麒麟区","曲靖市","云南省"
"马龙县","曲靖市","云南省"
"陆良县","曲靖市","云南省"
"师宗县","曲靖市","云南省"
"罗平县","曲靖市","云南省"
"富源县","曲靖市","云南省"
"会泽县","曲靖市","云南省"
"沾益县","曲靖市","云南省"
"宣威市","曲靖市","云南省"
"红塔区","玉溪市","云南省"
"江川县","玉溪市","云南省"
"澄江县","玉溪市","云南省"
"通海县","玉溪市","云南省"
"华宁县","玉溪市","云南省"
"易门县","玉溪市","云南省"
"峨山彝族自治县","玉溪市","云南省"
"新平彝族傣族自治县","玉溪市","云南省"
"元江哈尼族彝族傣族自治县","玉溪市","云南省"
"隆阳区","保山市","云南省"
"施甸县","保山市","云南省"
"腾冲县","保山市","云南省"
"龙陵县","保山市","云南省"
"昌宁县","保山市","云南省"
"昭阳区","昭通市","云南省"
"鲁甸县","昭通市","云南省"
"巧家县","昭通市","云南省"
"盐津县","昭通市","云南省"
"大关县","昭通市","云南省"
"永善县","昭通市","云南省"
"绥江县","昭通市","云南省"
"镇雄县","昭通市","云南省"
"彝良县","昭通市","云南省"
"威信县","昭通市","云南省"
"水富县","昭通市","云南省"
"古城区","丽江市","云南省"
"玉龙纳西族自治县","丽江市","云南省"
"永胜县","丽江市","云南省"
"华坪县","丽江市","云南省"
"宁蒗彝族自治县","丽江市","云南省"
"翠云区","思茅市","云南省"
"普洱哈尼族彝族自治县","思茅市","云南省"
"墨江哈尼族自治县","思茅市","云南省"
"景东彝族自治县","思茅市","云南省"
"景谷傣族彝族自治县","思茅市","云南省"
"镇沅彝族哈尼族拉祜族自治县","思茅市","云南省"
"江城哈尼族彝族自治县","思茅市","云南省"
"孟连傣族拉祜族佤族自治县","思茅市","云南省"
"澜沧拉祜族自治县","思茅市","云南省"
"西盟佤族自治县","思茅市","云南省"
"临翔区","临沧市","云南省"
"凤庆县","临沧市","云南省"
"云县","临沧市","云南省"
"永德县","临沧市","云南省"
"镇康县","临沧市","云南省"
"双江拉祜族佤族布朗族傣族自治县","临沧市","云南省"
"耿马傣族佤族自治县","临沧市","云南省"
"沧源佤族自治县","临沧市","云南省"
"楚雄市","楚雄彝族自治州","云南省"
"双柏县","楚雄彝族自治州","云南省"
"牟定县","楚雄彝族自治州","云南省"
"南华县","楚雄彝族自治州","云南省"
"姚安县","楚雄彝族自治州","云南省"
"大姚县","楚雄彝族自治州","云南省"
"永仁县","楚雄彝族自治州","云南省"
"元谋县","楚雄彝族自治州","云南省"
"武定县","楚雄彝族自治州","云南省"
"禄丰县","楚雄彝族自治州","云南省"
"个旧市","红河哈尼族彝族自治州","云南省"
"开远市","红河哈尼族彝族自治州","云南省"
"蒙自县","红河哈尼族彝族自治州","云南省"
"屏边苗族自治县","红河哈尼族彝族自治州","云南省"
"建水县","红河哈尼族彝族自治州","云南省"
"石屏县","红河哈尼族彝族自治州","云南省"
"弥勒县","红河哈尼族彝族自治州","云南省"
"泸西县","红河哈尼族彝族自治州","云南省"
"元阳县","红河哈尼族彝族自治州","云南省"
"红河县","红河哈尼族彝族自治州","云南省"
"金平苗族瑶族傣族自治县","红河哈尼族彝族自治州","云南省"
"绿春县","红河哈尼族彝族自治州","云南省"
"河口瑶族自治县","红河哈尼族彝族自治州","云南省"
"文山县","文山壮族苗族自治州","云南省"
"砚山县","文山壮族苗族自治州","云南省"
"西畴县","文山壮族苗族自治州","云南省"
"麻栗坡县","文山壮族苗族自治州","云南省"
"马关县","文山壮族苗族自治州","云南省"
"丘北县","文山壮族苗族自治州","云南省"
"广南县","文山壮族苗族自治州","云南省"
"富宁县","文山壮族苗族自治州","云南省"
"景洪市","西双版纳傣族自治州","云南省"
"勐海县","西双版纳傣族自治州","云南省"
"勐腊县","西双版纳傣族自治州","云南省"
"大理市","大理白族自治州","云南省"
"漾濞彝族自治县","大理白族自治州","云南省"
"祥云县","大理白族自治州","云南省"
"宾川县","大理白族自治州","云南省"
"弥渡县","大理白族自治州","云南省"
"南涧彝族自治县","大理白族自治州","云南省"
"巍山彝族回族自治县","大理白族自治州","云南省"
"永平县","大理白族自治州","云南省"
"云龙县","大理白族自治州","云南省"
"洱源县","大理白族自治州","云南省"
"剑川县","大理白族自治州","云南省"
"鹤庆县","大理白族自治州","云南省"
"瑞丽市","德宏傣族景颇族自治州","云南省"
"潞西市","德宏傣族景颇族自治州","云南省"
"梁河县","德宏傣族景颇族自治州","云南省"
"盈江县","德宏傣族景颇族自治州","云南省"
"陇川县","德宏傣族景颇族自治州","云南省"
"泸水县","怒江傈僳族自治州","云南省"
"福贡县","怒江傈僳族自治州","云南省"
"贡山独龙族怒族自治县","怒江傈僳族自治州","云南省"
"兰坪白族普米族自治县","怒江傈僳族自治州","云南省"
"香格里拉县","迪庆藏族自治州","云南省"
"德钦县","迪庆藏族自治州","云南省"
"维西傈僳族自治县","迪庆藏族自治州","云南省"
"城关区","拉萨市","西藏自治区"
"林周县","拉萨市","西藏自治区"
"当雄县","拉萨市","西藏自治区"
"尼木县","拉萨市","西藏自治区"
"曲水县","拉萨市","西藏自治区"
"堆龙德庆县","拉萨市","西藏自治区"
"达孜县","拉萨市","西藏自治区"
"墨竹工卡县","拉萨市","西藏自治区"
"昌都县","昌都地区","西藏自治区"
"江达县","昌都地区","西藏自治区"
"贡觉县","昌都地区","西藏自治区"
"类乌齐县","昌都地区","西藏自治区"
"丁青县","昌都地区","西藏自治区"
"察雅县","昌都地区","西藏自治区"
"八宿县","昌都地区","西藏自治区"
"左贡县","昌都地区","西藏自治区"
"芒康县","昌都地区","西藏自治区"
"洛隆县","昌都地区","西藏自治区"
"边坝县","昌都地区","西藏自治区"
"乃东县","山南地区","西藏自治区"
"扎囊县","山南地区","西藏自治区"
"贡嘎县","山南地区","西藏自治区"
"桑日县","山南地区","西藏自治区"
"琼结县","山南地区","西藏自治区"
"曲松县","山南地区","西藏自治区"
"措美县","山南地区","西藏自治区"
"洛扎县","山南地区","西藏自治区"
"加查县","山南地区","西藏自治区"
"隆子县","山南地区","西藏自治区"
"错那县","山南地区","西藏自治区"
"浪卡子县","山南地区","西藏自治区"
"日喀则市","日喀则地区","西藏自治区"
"南木林县","日喀则地区","西藏自治区"
"江孜县","日喀则地区","西藏自治区"
"定日县","日喀则地区","西藏自治区"
"萨迦县","日喀则地区","西藏自治区"
"拉孜县","日喀则地区","西藏自治区"
"昂仁县","日喀则地区","西藏自治区"
"谢通门县","日喀则地区","西藏自治区"
"白朗县","日喀则地区","西藏自治区"
"仁布县","日喀则地区","西藏自治区"
"康马县","日喀则地区","西藏自治区"
"定结县","日喀则地区","西藏自治区"
"仲巴县","日喀则地区","西藏自治区"
"亚东县","日喀则地区","西藏自治区"
"吉隆县","日喀则地区","西藏自治区"
"聂拉木县","日喀则地区","西藏自治区"
"萨嘎县","日喀则地区","西藏自治区"
"岗巴县","日喀则地区","西藏自治区"
"那曲县","那曲地区","西藏自治区"
"嘉黎县","那曲地区","西藏自治区"
"比如县","那曲地区","西藏自治区"
"聂荣县","那曲地区","西藏自治区"
"安多县","那曲地区","西藏自治区"
"申扎县","那曲地区","西藏自治区"
"索县","那曲地区","西藏自治区"
"班戈县","那曲地区","西藏自治区"
"巴青县","那曲地区","西藏自治区"
"尼玛县","那曲地区","西藏自治区"
"普兰县","阿里地区","西藏自治区"
"札达县","阿里地区","西藏自治区"
"噶尔县","阿里地区","西藏自治区"
"日土县","阿里地区","西藏自治区"
"革吉县","阿里地区","西藏自治区"
"改则县","阿里地区","西藏自治区"
"措勤县","阿里地区","西藏自治区"
"林芝县","林芝地区","西藏自治区"
"工布江达县","林芝地区","西藏自治区"
"米林县","林芝地区","西藏自治区"
"墨脱县","林芝地区","西藏自治区"
"波密县","林芝地区","西藏自治区"
"察隅县","林芝地区","西藏自治区"
"朗县","林芝地区","西藏自治区"
"新城区","西安市","陕西省"
"碑林区","西安市","陕西省"
"莲湖区","西安市","陕西省"
"灞桥区","西安市","陕西省"
"未央区","西安市","陕西省"
"雁塔区","西安市","陕西省"
"阎良区","西安市","陕西省"
"临潼区","西安市","陕西省"
"长安区","西安市","陕西省"
"蓝田县","西安市","陕西省"
"周至县","西安市","陕西省"
"户县","西安市","陕西省"
"高陵县","西安市","陕西省"
"王益区","铜川市","陕西省"
"印台区","铜川市","陕西省"
"耀州区","铜川市","陕西省"
"宜君县","铜川市","陕西省"
"渭滨区","宝鸡市","陕西省"
"金台区","宝鸡市","陕西省"
"陈仓区","宝鸡市","陕西省"
"凤翔县","宝鸡市","陕西省"
"岐山县","宝鸡市","陕西省"
"扶风县","宝鸡市","陕西省"
"眉县","宝鸡市","陕西省"
"陇县","宝鸡市","陕西省"
"千阳县","宝鸡市","陕西省"
"麟游县","宝鸡市","陕西省"
"凤县","宝鸡市","陕西省"
"太白县","宝鸡市","陕西省"
"秦都区","咸阳市","陕西省"
"杨凌区","咸阳市","陕西省"
"渭城区","咸阳市","陕西省"
"三原县","咸阳市","陕西省"
"泾阳县","咸阳市","陕西省"
"乾县","咸阳市","陕西省"
"礼泉县","咸阳市","陕西省"
"永寿县","咸阳市","陕西省"
"彬县","咸阳市","陕西省"
"长武县","咸阳市","陕西省"
"旬邑县","咸阳市","陕西省"
"淳化县","咸阳市","陕西省"
"武功县","咸阳市","陕西省"
"兴平市","咸阳市","陕西省"
"临渭区","渭南市","陕西省"
"华县","渭南市","陕西省"
"潼关县","渭南市","陕西省"
"大荔县","渭南市","陕西省"
"合阳县","渭南市","陕西省"
"澄城县","渭南市","陕西省"
"蒲城县","渭南市","陕西省"
"白水县","渭南市","陕西省"
"富平县","渭南市","陕西省"
"韩城市","渭南市","陕西省"
"华阴市","渭南市","陕西省"
"宝塔区","延安市","陕西省"
"延长县","延安市","陕西省"
"延川县","延安市","陕西省"
"子长县","延安市","陕西省"
"安塞县","延安市","陕西省"
"志丹县","延安市","陕西省"
"吴旗县","延安市","陕西省"
"甘泉县","延安市","陕西省"
"富县","延安市","陕西省"
"洛川县","延安市","陕西省"
"宜川县","延安市","陕西省"
"黄龙县","延安市","陕西省"
"黄陵县","延安市","陕西省"
"汉台区","汉中市","陕西省"
"南郑县","汉中市","陕西省"
"城固县","汉中市","陕西省"
"洋县","汉中市","陕西省"
"西乡县","汉中市","陕西省"
"勉县","汉中市","陕西省"
"宁强县","汉中市","陕西省"
"略阳县","汉中市","陕西省"
"镇巴县","汉中市","陕西省"
"留坝县","汉中市","陕西省"
"佛坪县","汉中市","陕西省"
"榆阳区","榆林市","陕西省"
"神木县","榆林市","陕西省"
"府谷县","榆林市","陕西省"
"横山县","榆林市","陕西省"
"靖边县","榆林市","陕西省"
"定边县","榆林市","陕西省"
"绥德县","榆林市","陕西省"
"米脂县","榆林市","陕西省"
"佳县","榆林市","陕西省"
"吴堡县","榆林市","陕西省"
"清涧县","榆林市","陕西省"
"子洲县","榆林市","陕西省"
"汉滨区","安康市","陕西省"
"汉阴县","安康市","陕西省"
"石泉县","安康市","陕西省"
"宁陕县","安康市","陕西省"
"紫阳县","安康市","陕西省"
"岚皋县","安康市","陕西省"
"平利县","安康市","陕西省"
"镇坪县","安康市","陕西省"
"旬阳县","安康市","陕西省"
"白河县","安康市","陕西省"
"商州区","商洛市","陕西省"
"洛南县","商洛市","陕西省"
"丹凤县","商洛市","陕西省"
"商南县","商洛市","陕西省"
"山阳县","商洛市","陕西省"
"镇安县","商洛市","陕西省"
"柞水县","商洛市","陕西省"
"城关区","兰州市","甘肃省"
"七里河区","兰州市","甘肃省"
"西固区","兰州市","甘肃省"
"安宁区","兰州市","甘肃省"
"红古区","兰州市","甘肃省"
"永登县","兰州市","甘肃省"
"皋兰县","兰州市","甘肃省"
"榆中县","兰州市","甘肃省"
"金川区","金昌市","甘肃省"
"永昌县","金昌市","甘肃省"
"白银区","白银市","甘肃省"
"平川区","白银市","甘肃省"
"靖远县","白银市","甘肃省"
"会宁县","白银市","甘肃省"
"景泰县","白银市","甘肃省"
"秦城区","天水市","甘肃省"
"北道区","天水市","甘肃省"
"清水县","天水市","甘肃省"
"秦安县","天水市","甘肃省"
"甘谷县","天水市","甘肃省"
"武山县","天水市","甘肃省"
"张家川回族自治县","天水市","甘肃省"
"凉州区","武威市","甘肃省"
"民勤县","武威市","甘肃省"
"古浪县","武威市","甘肃省"
"天祝藏族自治县","武威市","甘肃省"
"甘州区","张掖市","甘肃省"
"肃南裕固族自治县","张掖市","甘肃省"
"民乐县","张掖市","甘肃省"
"临泽县","张掖市","甘肃省"
"高台县","张掖市","甘肃省"
"山丹县","张掖市","甘肃省"
"崆峒区","平凉市","甘肃省"
"泾川县","平凉市","甘肃省"
"灵台县","平凉市","甘肃省"
"崇信县","平凉市","甘肃省"
"华亭县","平凉市","甘肃省"
"庄浪县","平凉市","甘肃省"
"静宁县","平凉市","甘肃省"
"肃州区","酒泉市","甘肃省"
"金塔县","酒泉市","甘肃省"
"安西县","酒泉市","甘肃省"
"肃北蒙古族自治县","酒泉市","甘肃省"
"阿克塞哈萨克族自治县","酒泉市","甘肃省"
"玉门市","酒泉市","甘肃省"
"敦煌市","酒泉市","甘肃省"
"西峰区","庆阳市","甘肃省"
"庆城县","庆阳市","甘肃省"
"环县","庆阳市","甘肃省"
"华池县","庆阳市","甘肃省"
"合水县","庆阳市","甘肃省"
"正宁县","庆阳市","甘肃省"
"宁县","庆阳市","甘肃省"
"镇原县","庆阳市","甘肃省"
"安定区","定西市","甘肃省"
"通渭县","定西市","甘肃省"
"陇西县","定西市","甘肃省"
"渭源县","定西市","甘肃省"
"临洮县","定西市","甘肃省"
"漳县","定西市","甘肃省"
"岷县","定西市","甘肃省"
"武都区","陇南市","甘肃省"
"成县","陇南市","甘肃省"
"文县","陇南市","甘肃省"
"宕昌县","陇南市","甘肃省"
"康县","陇南市","甘肃省"
"西和县","陇南市","甘肃省"
"礼县","陇南市","甘肃省"
"徽县","陇南市","甘肃省"
"两当县","陇南市","甘肃省"
"临夏市","临夏回族自治州","甘肃省"
"临夏县","临夏回族自治州","甘肃省"
"康乐县","临夏回族自治州","甘肃省"
"永靖县","临夏回族自治州","甘肃省"
"广河县","临夏回族自治州","甘肃省"
"和政县","临夏回族自治州","甘肃省"
"东乡族自治县","临夏回族自治州","甘肃省"
"积石山保安族东乡族撒拉族自治县","临夏回族自治州","甘肃省"
"合作市","甘南藏族自治州","甘肃省"
"临潭县","甘南藏族自治州","甘肃省"
"卓尼县","甘南藏族自治州","甘肃省"
"舟曲县","甘南藏族自治州","甘肃省"
"迭部县","甘南藏族自治州","甘肃省"
"玛曲县","甘南藏族自治州","甘肃省"
"碌曲县","甘南藏族自治州","甘肃省"
"夏河县","甘南藏族自治州","甘肃省"
"城东区","西宁市","青海省"
"城中区","西宁市","青海省"
"城西区","西宁市","青海省"
"城北区","西宁市","青海省"
"大通回族土族自治县","西宁市","青海省"
"湟中县","西宁市","青海省"
"湟源县","西宁市","青海省"
"平安县","海东地区","青海省"
"民和回族土族自治县","海东地区","青海省"
"乐都县","海东地区","青海省"
"互助土族自治县","海东地区","青海省"
"化隆回族自治县","海东地区","青海省"
"循化撒拉族自治县","海东地区","青海省"
"门源回族自治县","海北藏族自治州","青海省"
"祁连县","海北藏族自治州","青海省"
"海晏县","海北藏族自治州","青海省"
"刚察县","海北藏族自治州","青海省"
"同仁县","黄南藏族自治州","青海省"
"尖扎县","黄南藏族自治州","青海省"
"泽库县","黄南藏族自治州","青海省"
"河南蒙古族自治县","黄南藏族自治州","青海省"
"共和县","海南藏族自治州","青海省"
"同德县","海南藏族自治州","青海省"
"贵德县","海南藏族自治州","青海省"
"兴海县","海南藏族自治州","青海省"
"贵南县","海南藏族自治州","青海省"
"玛沁县","果洛藏族自治州","青海省"
"班玛县","果洛藏族自治州","青海省"
"甘德县","果洛藏族自治州","青海省"
"达日县","果洛藏族自治州","青海省"
"久治县","果洛藏族自治州","青海省"
"玛多县","果洛藏族自治州","青海省"
"玉树县","玉树藏族自治州","青海省"
"杂多县","玉树藏族自治州","青海省"
"称多县","玉树藏族自治州","青海省"
"治多县","玉树藏族自治州","青海省"
"囊谦县","玉树藏族自治州","青海省"
"曲麻莱县","玉树藏族自治州","青海省"
"格尔木市","海西蒙古族藏族自治州","青海省"
"德令哈市","海西蒙古族藏族自治州","青海省"
"乌兰县","海西蒙古族藏族自治州","青海省"
"都兰县","海西蒙古族藏族自治州","青海省"
"天峻县","海西蒙古族藏族自治州","青海省"
"兴庆区","银川市","宁夏回族自治区"
"西夏区","银川市","宁夏回族自治区"
"金凤区","银川市","宁夏回族自治区"
"永宁县","银川市","宁夏回族自治区"
"贺兰县","银川市","宁夏回族自治区"
"灵武市","银川市","宁夏回族自治区"
"大武口区","石嘴山市","宁夏回族自治区"
"惠农区","石嘴山市","宁夏回族自治区"
"平罗县","石嘴山市","宁夏回族自治区"
"利通区","吴忠市","宁夏回族自治区"
"盐池县","吴忠市","宁夏回族自治区"
"同心县","吴忠市","宁夏回族自治区"
"青铜峡市","吴忠市","宁夏回族自治区"
"原州区","固原市","宁夏回族自治区"
"西吉县","固原市","宁夏回族自治区"
"隆德县","固原市","宁夏回族自治区"
"泾源县","固原市","宁夏回族自治区"
"彭阳县","固原市","宁夏回族自治区"
"沙坡头区","中卫市","宁夏回族自治区"
"中宁县","中卫市","宁夏回族自治区"
"海原县","中卫市","宁夏回族自治区"
"天山区","乌鲁木齐市","新疆维吾尔自治区"
"沙依巴克区","乌鲁木齐市","新疆维吾尔自治区"
"新市区","乌鲁木齐市","新疆维吾尔自治区"
"水磨沟区","乌鲁木齐市","新疆维吾尔自治区"
"头屯河区","乌鲁木齐市","新疆维吾尔自治区"
"达坂城区","乌鲁木齐市","新疆维吾尔自治区"
"东山区","乌鲁木齐市","新疆维吾尔自治区"
"乌鲁木齐县","乌鲁木齐市","新疆维吾尔自治区"
"独山子区","克拉玛依市","新疆维吾尔自治区"
"克拉玛依区","克拉玛依市","新疆维吾尔自治区"
"白碱滩区","克拉玛依市","新疆维吾尔自治区"
"乌尔禾区","克拉玛依市","新疆维吾尔自治区"
"吐鲁番市","吐鲁番地区","新疆维吾尔自治区"
"鄯善县","吐鲁番地区","新疆维吾尔自治区"
"托克逊县","吐鲁番地区","新疆维吾尔自治区"
"哈密市","哈密地区","新疆维吾尔自治区"
"巴里坤哈萨克自治县","哈密地区","新疆维吾尔自治区"
"伊吾县","哈密地区","新疆维吾尔自治区"
"昌吉市","昌吉回族自治州","新疆维吾尔自治区"
"阜康市","昌吉回族自治州","新疆维吾尔自治区"
"米泉市","昌吉回族自治州","新疆维吾尔自治区"
"呼图壁县","昌吉回族自治州","新疆维吾尔自治区"
"玛纳斯县","昌吉回族自治州","新疆维吾尔自治区"
"奇台县","昌吉回族自治州","新疆维吾尔自治区"
"吉木萨尔县","昌吉回族自治州","新疆维吾尔自治区"
"木垒哈萨克自治县","昌吉回族自治州","新疆维吾尔自治区"
"博乐市","博尔塔拉蒙古自治州","新疆维吾尔自治区"
"精河县","博尔塔拉蒙古自治州","新疆维吾尔自治区"
"温泉县","博尔塔拉蒙古自治州","新疆维吾尔自治区"
"库尔勒市","巴音郭楞蒙古自治州","新疆维吾尔自治区"
"轮台县","巴音郭楞蒙古自治州","新疆维吾尔自治区"
"尉犁县","巴音郭楞蒙古自治州","新疆维吾尔自治区"
"若羌县","巴音郭楞蒙古自治州","新疆维吾尔自治区"
"且末县","巴音郭楞蒙古自治州","新疆维吾尔自治区"
"焉耆回族自治县","巴音郭楞蒙古自治州","新疆维吾尔自治区"
"和静县","巴音郭楞蒙古自治州","新疆维吾尔自治区"
"和硕县","巴音郭楞蒙古自治州","新疆维吾尔自治区"
"博湖县","巴音郭楞蒙古自治州","新疆维吾尔自治区"
"阿克苏市","阿克苏地区","新疆维吾尔自治区"
"温宿县","阿克苏地区","新疆维吾尔自治区"
"库车县","阿克苏地区","新疆维吾尔自治区"
"沙雅县","阿克苏地区","新疆维吾尔自治区"
"新和县","阿克苏地区","新疆维吾尔自治区"
"拜城县","阿克苏地区","新疆维吾尔自治区"
"乌什县","阿克苏地区","新疆维吾尔自治区"
"阿瓦提县","阿克苏地区","新疆维吾尔自治区"
"柯坪县","阿克苏地区","新疆维吾尔自治区"
"阿图什市","克孜勒苏柯尔克孜自治州","新疆维吾尔自治区"
"阿克陶县","克孜勒苏柯尔克孜自治州","新疆维吾尔自治区"
"阿合奇县","克孜勒苏柯尔克孜自治州","新疆维吾尔自治区"
"乌恰县","克孜勒苏柯尔克孜自治州","新疆维吾尔自治区"
"喀什市","喀什地区","新疆维吾尔自治区"
"疏附县","喀什地区","新疆维吾尔自治区"
"疏勒县","喀什地区","新疆维吾尔自治区"
"英吉沙县","喀什地区","新疆维吾尔自治区"
"泽普县","喀什地区","新疆维吾尔自治区"
"莎车县","喀什地区","新疆维吾尔自治区"
"叶城县","喀什地区","新疆维吾尔自治区"
"麦盖提县","喀什地区","新疆维吾尔自治区"
"岳普湖县","喀什地区","新疆维吾尔自治区"
"伽师县","喀什地区","新疆维吾尔自治区"
"巴楚县","喀什地区","新疆维吾尔自治区"
"塔什库尔干塔吉克自治县","喀什地区","新疆维吾尔自治区"
"和田市","和田地区","新疆维吾尔自治区"
"和田县","和田地区","新疆维吾尔自治区"
"墨玉县","和田地区","新疆维吾尔自治区"
"皮山县","和田地区","新疆维吾尔自治区"
"洛浦县","和田地区","新疆维吾尔自治区"
"策勒县","和田地区","新疆维吾尔自治区"
"于田县","和田地区","新疆维吾尔自治区"
"民丰县","和田地区","新疆维吾尔自治区"
"伊宁市","伊犁哈萨克自治州","新疆维吾尔自治区"
"奎屯市","伊犁哈萨克自治州","新疆维吾尔自治区"
"伊宁县","伊犁哈萨克自治州","新疆维吾尔自治区"
"察布查尔锡伯自治县","伊犁哈萨克自治州","新疆维吾尔自治区"
"霍城县","伊犁哈萨克自治州","新疆维吾尔自治区"
"巩留县","伊犁哈萨克自治州","新疆维吾尔自治区"
"新源县","伊犁哈萨克自治州","新疆维吾尔自治区"
"昭苏县","伊犁哈萨克自治州","新疆维吾尔自治区"
"特克斯县","伊犁哈萨克自治州","新疆维吾尔自治区"
"尼勒克县","伊犁哈萨克自治州","新疆维吾尔自治区"
"塔城市","塔城地区","新疆维吾尔自治区"
"乌苏市","塔城地区","新疆维吾尔自治区"
"额敏县","塔城地区","新疆维吾尔自治区"
"沙湾县","塔城地区","新疆维吾尔自治区"
"托里县","塔城地区","新疆维吾尔自治区"
"裕民县","塔城地区","新疆维吾尔自治区"
"和布克赛尔蒙古自治县","塔城地区","新疆维吾尔自治区"
"阿勒泰市","阿勒泰地区","新疆维吾尔自治区"
"布尔津县","阿勒泰地区","新疆维吾尔自治区"
"富蕴县","阿勒泰地区","新疆维吾尔自治区"
"福海县","阿勒泰地区","新疆维吾尔自治区"
"哈巴河县","阿勒泰地区","新疆维吾尔自治区"
"青河县","阿勒泰地区","新疆维吾尔自治区"
"吉木乃县","阿勒泰地区","新疆维吾尔自治区"
"石河子市","省直辖行政单位","新疆维吾尔自治区"
"阿拉尔市","省直辖行政单位","新疆维吾尔自治区"
"图木舒克市","省直辖行政单位","新疆维吾尔自治区"
"五家渠市","省直辖行政单位","新疆维吾尔自治区"

"翠云区","普洱市","云南省"
"普洱哈尼族彝族自治县","普洱市","云南省"
"墨江哈尼族自治县","普洱市","云南省"
"景东彝族自治县","普洱市","云南省"
"景谷傣族彝族自治县","普洱市","云南省"
"镇沅彝族哈尼族拉祜族自治县","普洱市","云南省"
"江城哈尼族彝族自治县","普洱市","云南省"
"孟连傣族拉祜族佤族自治县","普洱市","云南省"
"澜沧拉祜族自治县","普洱市","云南省"
"西盟佤族自治县","普洱市","云南省"

"-","石家庄市","河北省"
"-","唐山市","河北省"
"-","秦皇岛市","河北省"
"-","邯郸市","河北省"
"-","邢台市","河北省"
"-","保定市","河北省"
"-","-","张家口市","河北省"
"-","-","承德市","河北省"
"-","沧州市","河北省"
"-","廊坊市","河北省"
"-","衡水市","河北省"
"-","太原市","山西省"
"-","大同市","山西省"
"-","阳泉市","山西省"
"-","长治市","山西省"
"-","晋城市","山西省"
"-","朔州市","山西省"
"-","晋中市","山西省"
"-","运城市","山西省"
"-","忻州市","山西省"
"-","临汾市","山西省"
"-","吕梁市","山西省"
"-","呼和浩特市","内蒙古自治区"
"-","包头市","内蒙古自治区"
"-","乌海市","内蒙古自治区"
"-","赤峰市","内蒙古自治区"
"-","通辽市","内蒙古自治区"
"-","鄂尔多斯市","内蒙古自治区"
"-","呼伦贝尔市","内蒙古自治区"
"-","巴彦淖尔市","内蒙古自治区"
"-","乌兰察布市","内蒙古自治区"
"-","兴安盟","内蒙古自治区"
"-","锡林郭勒盟","内蒙古自治区"
"-","阿拉善盟","内蒙古自治区"
"-","沈阳市","辽宁省"
"-","大连市","辽宁省"
"-","鞍山市","辽宁省"
"-","抚顺市","辽宁省"
"-","本溪市","辽宁省"
"-","丹东市","辽宁省"
"-","锦州市","辽宁省"
"-","营口市","辽宁省"
"-","阜新市","辽宁省"
"-","辽阳市","辽宁省"
"-","盘锦市","辽宁省"
"-","铁岭市","辽宁省"
"-","朝阳市","辽宁省"
"-","葫芦岛市","辽宁省"
"-","长春市","吉林省"
"-","吉林市","吉林省"
"-","四平市","吉林省"
"-","辽源市","吉林省"
"-","通化市","吉林省"
"-","白山市","吉林省"
"-","松原市","吉林省"
"-","白城市","吉林省"
"-","延边朝鲜族自治州","吉林省"
"-","哈尔滨市","黑龙江省"
"-","齐齐哈尔市","黑龙江省"
"-","鸡西市","黑龙江省"
"-","鹤岗市","黑龙江省"
"-","双鸭山市","黑龙江省"
"-","大庆市","黑龙江省"
"-","伊春市","黑龙江省"
"-","佳木斯市","黑龙江省"
"-","七台河市","黑龙江省"
"-","牡丹江市","黑龙江省"
"-","黑河市","黑龙江省"
"-","绥化市","黑龙江省"
"-","大兴安岭地区","黑龙江省"
"-","南京市","江苏省"
"-","无锡市","江苏省"
"-","徐州市","江苏省"
"-","常州市","江苏省"
"-","苏州市","江苏省"
"-","南通市","江苏省"
"-","连云港市","江苏省"
"-","淮安市","江苏省"
"-","盐城市","江苏省"
"-","扬州市","江苏省"
"-","镇江市","江苏省"
"-","泰州市","江苏省"
"-","宿迁市","江苏省"
"-","杭州市","浙江省"
"-","宁波市","浙江省"
"-","温州市","浙江省"
"-","嘉兴市","浙江省"
"-","湖州市","浙江省"
"-","绍兴市","浙江省"
"-","金华市","浙江省"
"-","衢州市","浙江省"
"-","舟山市","浙江省"
"-","台州市","浙江省"
"-","丽水市","浙江省"
"-","合肥市","安徽省"
"-","芜湖市","安徽省"
"-","蚌埠市","安徽省"
"-","淮南市","安徽省"
"-","马鞍山市","安徽省"
"-","淮北市","安徽省"
"-","铜陵市","安徽省"
"-","安庆市","安徽省"
"-","黄山市","安徽省"
"-","滁州市","安徽省"
"-","阜阳市","安徽省"
"-","宿州市","安徽省"
"-","巢湖市","安徽省"
"-","六安市","安徽省"
"-","亳州市","安徽省"
"-","池州市","安徽省"
"-","宣城市","安徽省"
"-","福州市","福建省"
"-","厦门市","福建省"
"-","莆田市","福建省"
"-","三明市","福建省"
"-","泉州市","福建省"
"-","漳州市","福建省"
"-","南平市","福建省"
"-","龙岩市","福建省"
"-","宁德市","福建省"
"-","南昌市","江西省"
"-","景德镇市","江西省"
"-","萍乡市","江西省"
"-","九江市","江西省"
"-","新余市","江西省"
"-","鹰潭市","江西省"
"-","赣州市","江西省"
"-","吉安市","江西省"
"-","宜春市","江西省"
"-","抚州市","江西省"
"-","上饶市","江西省"
"-","济南市","山东省"
"-","青岛市","山东省"
"-","淄博市","山东省"
"-","枣庄市","山东省"
"-","东营市","山东省"
"-","烟台市","山东省"
"-","潍坊市","山东省"
"-","济宁市","山东省"
"-","泰安市","山东省"
"-","威海市","山东省"
"-","日照市","山东省"
"-","莱芜市","山东省"
"-","临沂市","山东省"
"-","德州市","山东省"
"-","聊城市","山东省"
"-","滨州市","山东省"
"-","荷泽市","山东省"
"-","郑州市","河南省"
"-","开封市","河南省"
"-","洛阳市","河南省"
"-","平顶山市","河南省"
"-","安阳市","河南省"
"-","鹤壁市","河南省"
"-","新乡市","河南省"
"-","焦作市","河南省"
"-","濮阳市","河南省"
"-","许昌市","河南省"
"-","漯河市","河南省"
"-","三门峡市","河南省"
"-","南阳市","河南省"
"-","商丘市","河南省"
"-","信阳市","河南省"
"-","周口市","河南省"
"-","驻马店市","河南省"
"-","武汉市","湖北省"
"-","黄石市","湖北省"
"-","十堰市","湖北省"
"-","宜昌市","湖北省"
"-","襄樊市","湖北省"
"-","鄂州市","湖北省"
"-","荆门市","湖北省"
"-","孝感市","湖北省"
"-","荆州市","湖北省"
"-","黄冈市","湖北省"
"-","咸宁市","湖北省"
"-","随州市","湖北省"
"-","恩施土家族苗族自治州","湖北省"
"-","省直辖行政单位","湖北省"
"-","长沙市","湖南省"
"-","株洲市","湖南省"
"-","湘潭市","湖南省"
"-","衡阳市","湖南省"
"-","邵阳市","湖南省"
"-","岳阳市","湖南省"
"-","常德市","湖南省"
"-","张家界市","湖南省"
"-","益阳市","湖南省"
"-","郴州市","湖南省"
"-","永州市","湖南省"
"-","怀化市","湖南省"
"-","娄底市","湖南省"
"-","湘西土家族苗族自治州","湖南省"
"-","广州市","广东省"
"-","韶关市","广东省"
"-","深圳市","广东省"
"-","珠海市","广东省"
"-","汕头市","广东省"
"-","佛山市","广东省"
"-","江门市","广东省"
"-","湛江市","广东省"
"-","茂名市","广东省"
"-","肇庆市","广东省"
"-","惠州市","广东省"
"-","梅州市","广东省"
"-","汕尾市","广东省"
"-","河源市","广东省"
"-","阳江市","广东省"
"-","清远市","广东省"
"-","东莞市","广东省"
"-","中山市","广东省"
"-","潮州市","广东省"
"-","揭阳市","广东省"
"-","云浮市","广东省"
"-","南宁市","广西壮族自治区"
"-","柳州市","广西壮族自治区"
"-","桂林市","广西壮族自治区"
"-","梧州市","广西壮族自治区"
"-","北海市","广西壮族自治区"
"-","防城港市","广西壮族自治区"
"-","钦州市","广西壮族自治区"
"-","贵港市","广西壮族自治区"
"-","玉林市","广西壮族自治区"
"-","百色市","广西壮族自治区"
"-","贺州市","广西壮族自治区"
"-","河池市","广西壮族自治区"
"-","来宾市","广西壮族自治区"
"-","崇左市","广西壮族自治区"
"-","海口市","海南省"
"-","三亚市","海南省"
"-","省直辖县级行政单位","海南省"
"-","市","重庆市"
"-","成都市","四川省"
"-","自贡市","四川省"
"-","攀枝花市","四川省"
"-","泸州市","四川省"
"-","德阳市","四川省"
"-","绵阳市","四川省"
"-","广元市","四川省"
"-","遂宁市","四川省"
"-","内江市","四川省"
"-","乐山市","四川省"
"-","南充市","四川省"
"-","眉山市","四川省"
"-","宜宾市","四川省"
"-","广安市","四川省"
"-","达州市","四川省"
"-","雅安市","四川省"
"-","巴中市","四川省"
"-","资阳市","四川省"
"-","阿坝藏族羌族自治州","四川省"
"-","甘孜藏族自治州","四川省"
"-","凉山彝族自治州","四川省"
"-","贵阳市","贵州省"
"-","六盘水市","贵州省"
"-","遵义市","贵州省"
"-","安顺市","贵州省"
"-","铜仁地区","贵州省"
"-","黔西南布依族苗族自治州","贵州省"
"-","毕节地区","贵州省"
"-","黔东南苗族侗族自治州","贵州省"
"-","黔南布依族苗族自治州","贵州省"
"-","昆明市","云南省"
"-","曲靖市","云南省"
"-","玉溪市","云南省"
"-","保山市","云南省"
"-","昭通市","云南省"
"-","丽江市","云南省"
"-","思茅市","云南省"
"-","临沧市","云南省"
"-","楚雄彝族自治州","云南省"
"-","红河哈尼族彝族自治州","云南省"
"-","文山壮族苗族自治州","云南省"
"-","西双版纳傣族自治州","云南省"
"-","大理白族自治州","云南省"
"-","德宏傣族景颇族自治州","云南省"
"-","怒江傈僳族自治州","云南省"
"-","迪庆藏族自治州","云南省"
"-","拉萨市","西藏自治区"
"-","昌都地区","西藏自治区"
"-","山南地区","西藏自治区"
"-","日喀则地区","西藏自治区"
"-","那曲地区","西藏自治区"
"-","阿里地区","西藏自治区"
"-","林芝地区","西藏自治区"
"-","西安市","陕西省"
"-","铜川市","陕西省"
"-","宝鸡市","陕西省"
"-","咸阳市","陕西省"
"-","渭南市","陕西省"
"-","延安市","陕西省"
"-","汉中市","陕西省"
"-","榆林市","陕西省"
"-","安康市","陕西省"
"-","商洛市","陕西省"
"-","兰州市","甘肃省"
"-","嘉峪关市","甘肃省"
"-","金昌市","甘肃省"
"-","白银市","甘肃省"
"-","天水市","甘肃省"
"-","武威市","甘肃省"
"-","张掖市","甘肃省"
"-","平凉市","甘肃省"
"-","酒泉市","甘肃省"
"-","庆阳市","甘肃省"
"-","定西市","甘肃省"
"-","陇南市","甘肃省"
"-","临夏回族自治州","甘肃省"
"-","甘南藏族自治州","甘肃省"
"-","西宁市","青海省"
"-","海东地区","青海省"
"-","海北藏族自治州","青海省"
"-","黄南藏族自治州","青海省"
"-","海南藏族自治州","青海省"
"-","果洛藏族自治州","青海省"
"-","玉树藏族自治州","青海省"
"-","海西蒙古族藏族自治州","青海省"
"-","银川市","宁夏回族自治区"
"-","石嘴山市","宁夏回族自治区"
"-","吴忠市","宁夏回族自治区"
"-","固原市","宁夏回族自治区"
"-","中卫市","宁夏回族自治区"
"-","乌鲁木齐市","新疆维吾尔自治区"
"-","克拉玛依市","新疆维吾尔自治区"
"-","吐鲁番地区","新疆维吾尔自治区"
"-","哈密地区","新疆维吾尔自治区"
"-","昌吉回族自治州","新疆维吾尔自治区"
"-","博尔塔拉蒙古自治州","新疆维吾尔自治区"
"-","巴音郭楞蒙古自治州","新疆维吾尔自治区"
"-","阿克苏地区","新疆维吾尔自治区"
"-","克孜勒苏柯尔克孜自治州","新疆维吾尔自治区"
"-","喀什地区","新疆维吾尔自治区"
"-","和田地区","新疆维吾尔自治区"
"-","伊犁哈萨克自治州","新疆维吾尔自治区"
"-","塔城地区","新疆维吾尔自治区"
"-","阿勒泰地区","新疆维吾尔自治区"
"-","省直辖行政单位","新疆维吾尔自治区"


"襄城区","襄阳市","湖北省"
"樊城区","襄阳市","湖北省"
"襄阳区","襄阳市","湖北省"
"南漳县","襄阳市","湖北省"
"谷城县","襄阳市","湖北省"
"保康县","襄阳市","湖北省"
"老河口市","襄阳市","湖北省"
"枣阳市","襄阳市","湖北省"
"宜城市","襄阳市","湖北省"

"-","菏泽市","山东省"
"牡丹区","菏泽市","山东省"
"定陶区","菏泽市","山东省"
"曹县","菏泽市","山东省"
"单县","菏泽市","山东省"
"成武县","菏泽市","山东省"
"巨野县","菏泽市","山东省"
"郓城县","菏泽市","山东省"
"东明县","菏泽市","山东省"
"鄄城县","菏泽市","山东省"

"-","平凉市","甘肃省"
"崆峒区","平凉市","甘肃省"
"泾川县","平凉市","甘肃省"
"灵台县","平凉市","甘肃省"
"崇信县","平凉市","甘肃省"
"庄浪县","平凉市","甘肃省"
"静宁县","平凉市","甘肃省"
"华亭市","平凉市","甘肃省"


"-","东城区","北京市"
"-","西城区","北京市"
"-","崇文区","北京市"
"","宣武区","北京市"
"","朝阳区","北京市"
"","丰台区","北京市"
"","石景山区","北京市"
"","海淀区","北京市"
"","门头沟区","北京市"
"","房山区","北京市"
"","通州区","北京市"
"","顺义区","北京市"
"","昌平区","北京市"
"","大兴区","北京市"
"","怀柔区","北京市"
"","平谷区","北京市"
"","密云县","北京市"
"","延庆县","北京市"
"","和平区","天津市"
"","河东区","天津市"
"","河西区","天津市"
"","南开区","天津市"
"","河北区","天津市"
"","红桥区","天津市"
"","塘沽区","天津市"
"","汉沽区","天津市"
"","大港区","天津市"
"","东丽区","天津市"
"","西青区","天津市"
"","津南区","天津市"
"","北辰区","天津市"
"","武清区","天津市"
"","宝坻区","天津市"
"","宁河县","天津市"
"","静海县","天津市"
"","蓟县","天津市"




